E_over_Delta0,Ns_over_Nn
-3,1.06063780359
-2.995,1.06085922429
-2.99,1.06108189586
-2.985,1.061305828
-2.98,1.06153103053
-2.975,1.06175751333
-2.97,1.0619852864
-2.965,1.06221435985
-2.96,1.06244474386
-2.955,1.06267644874
-2.95,1.0629094849
-2.945,1.06314386285
-2.94,1.06337959321
-2.935,1.0636166867
-2.93,1.06385515415
-2.925,1.06409500652
-2.92,1.06433625486
-2.915,1.06457891035
-2.91,1.06482298427
-2.905,1.06506848802
-2.9,1.06531543313
-2.895,1.06556383123
-2.89,1.0658136941
-2.885,1.0660650336
-2.88,1.06631786176
-2.875,1.0665721907
-2.87,1.06682803269
-2.865,1.06708540011
-2.86,1.06734430549
-2.855,1.06760476148
-2.85,1.06786678087
-2.845,1.06813037657
-2.84,1.06839556166
-2.835,1.06866234933
-2.83,1.06893075292
-2.825,1.06920078591
-2.82,1.06947246194
-2.815,1.06974579479
-2.81,1.07002079836
-2.805,1.07029748675
-2.8,1.07057587418
-2.795,1.07085597503
-2.79,1.07113780384
-2.785,1.07142137531
-2.78,1.07170670431
-2.775,1.07199380586
-2.77,1.07228269514
-2.765,1.07257338752
-2.76,1.07286589852
-2.755,1.07316024384
-2.75,1.07345643936
-2.745,1.07375450112
-2.74,1.07405444537
-2.735,1.07435628851
-2.73,1.07466004715
-2.725,1.07496573806
-2.72,1.07527337823
-2.715,1.07558298483
-2.71,1.07589457521
-2.705,1.07620816694
-2.7,1.07652377779
-2.695,1.07684142571
-2.69,1.07716112888
-2.685,1.07748290568
-2.68,1.07780677471
-2.675,1.07813275478
-2.67,1.07846086491
-2.665,1.07879112436
-2.66,1.07912355259
-2.655,1.07945816932
-2.65,1.07979499448
-2.645,1.08013404823
-2.64,1.08047535098
-2.635,1.08081892338
-2.63,1.08116478633
-2.625,1.08151296097
-2.62,1.08186346868
-2.615,1.08221633114
-2.61,1.08257157024
-2.605,1.08292920816
-2.6,1.08328926735
-2.595,1.08365177052
-2.59,1.08401674065
-2.585,1.08438420103
-2.58,1.0847541752
-2.575,1.08512668701
-2.57,1.0855017606
-2.565,1.0858794204
-2.56,1.08625969114
-2.555,1.08664259787
-2.55,1.08702816593
-2.545,1.08741642101
-2.54,1.08780738909
-2.535,1.08820109648
-2.53,1.08859756983
-2.525,1.08899683613
-2.52,1.0893989227
-2.515,1.08980385721
-2.51,1.09021166769
-2.505,1.09062238251
-2.5,1.09103603042
-2.495,1.09145264052
-2.49,1.09187224232
-2.485,1.09229486568
-2.48,1.09272054086
-2.475,1.0931492985
-2.47,1.09358116966
-2.465,1.09401618578
-2.46,1.09445437875
-2.455,1.09489578084
-2.45,1.09534042477
-2.445,1.09578834368
-2.44,1.09623957117
-2.435,1.09669414127
-2.43,1.09715208847
-2.425,1.09761344772
-2.42,1.09807825445
-2.415,1.09854654455
-2.41,1.09901835442
-2.405,1.09949372093
-2.4,1.09997268147
-2.395,1.10045527394
-2.39,1.10094153675
-2.385,1.10143150884
-2.38,1.10192522971
-2.375,1.10242273937
-2.37,1.10292407841
-2.365,1.10342928799
-2.36,1.10393840983
-2.355,1.10445148625
-2.35,1.10496856016
-2.345,1.10548967507
-2.34,1.10601487511
-2.335,1.10654420506
-2.33,1.1070777103
-2.325,1.1076154369
-2.32,1.10815743156
-2.315,1.10870374168
-2.31,1.10925441532
-2.305,1.10980950127
-2.3,1.11036904901
-2.295,1.11093310874
-2.29,1.11150173141
-2.285,1.11207496872
-2.28,1.11265287313
-2.275,1.11323549788
-2.27,1.113822897
-2.265,1.11441512534
-2.26,1.11501223855
-2.255,1.11561429314
-2.25,1.11622134647
-2.245,1.11683345676
-2.24,1.11745068312
-2.235,1.11807308557
-2.23,1.11870072506
-2.225,1.11933366344
-2.22,1.11997196356
-2.215,1.12061568922
-2.21,1.12126490522
-2.205,1.12191967737
-2.2,1.12258007251
-2.195,1.12324615855
-2.19,1.12391800445
-2.185,1.12459568029
-2.18,1.12527925723
-2.175,1.12596880762
-2.17,1.12666440491
-2.165,1.12736612379
-2.16,1.12807404013
-2.155,1.12878823103
-2.15,1.12950877486
-2.145,1.13023575128
-2.14,1.13096924124
-2.135,1.13170932703
-2.13,1.13245609232
-2.125,1.13320962217
-2.12,1.13397000304
-2.115,1.13473732287
-2.11,1.13551167106
-2.105,1.13629313853
-2.1,1.13708181775
-2.095,1.13787780277
-2.09,1.13868118924
-2.085,1.13949207447
-2.08,1.14031055743
-2.075,1.14113673883
-2.07,1.14197072113
-2.065,1.14281260858
-2.06,1.14366250727
-2.055,1.14452052515
-2.05,1.1453867721
-2.045,1.14626135995
-2.04,1.14714440252
-2.035,1.1480360157
-2.03,1.14893631746
-2.025,1.14984542791
-2.02,1.15076346935
-2.015,1.1516905663
-2.01,1.1526268456
-2.005,1.15357243642
-2,1.15452747031
-1.995,1.1554920813
-1.99,1.15646640592
-1.985,1.15745058325
-1.98,1.15844475503
-1.975,1.15944906566
-1.97,1.16046366233
-1.965,1.16148869503
-1.96,1.16252431664
-1.955,1.163570683
-1.95,1.164627953
-1.945,1.16569628861
-1.94,1.16677585501
-1.935,1.16786682062
-1.93,1.1689693572
-1.925,1.17008363995
-1.92,1.17120984757
-1.915,1.17234816237
-1.91,1.17349877035
-1.905,1.17466186127
-1.9,1.17583762881
-1.895,1.17702627061
-1.89,1.1782279884
-1.885,1.17944298809
-1.88,1.1806714799
-1.875,1.18191367848
-1.87,1.18316980297
-1.865,1.1844400772
-1.86,1.18572472976
-1.855,1.18702399413
-1.85,1.18833810886
-1.845,1.18966731763
-1.84,1.19101186947
-1.835,1.19237201886
-1.83,1.19374802587
-1.825,1.19514015638
-1.82,1.19654868216
-1.815,1.19797388109
-1.81,1.19941603733
-1.805,1.20087544146
-1.8,1.20235239071
-1.795,1.20384718914
-1.79,1.20536014781
-1.785,1.20689158501
-1.78,1.20844182647
-1.775,1.21001120557
-1.77,1.21160006359
-1.765,1.21320874991
-1.76,1.21483762228
-1.755,1.21648704706
-1.75,1.2181573995
-1.745,1.21984906399
-1.74,1.22156243436
-1.735,1.22329791415
-1.73,1.22505591695
-1.725,1.22683686668
-1.72,1.22864119793
-1.715,1.23046935632
-1.71,1.23232179881
-1.705,1.2341989941
-1.7,1.23610142302
-1.695,1.23802957888
-1.69,1.23998396794
-1.685,1.24196510979
-1.68,1.24397353782
-1.675,1.24600979971
-1.67,1.24807445783
-1.665,1.25016808985
-1.66,1.25229128918
-1.655,1.25444466556
-1.65,1.25662884562
-1.645,1.25884447346
-1.64,1.26109221129
-1.635,1.26337274006
-1.63,1.26568676014
-1.625,1.26803499201
-1.62,1.27041817702
-1.615,1.27283707815
-1.61,1.27529248078
-1.605,1.27778519356
-1.6,1.28031604928
-1.595,1.28288590578
-1.59,1.28549564691
-1.585,1.28814618352
-1.58,1.29083845454
-1.575,1.29357342805
-1.57,1.29635210245
-1.565,1.29917550764
-1.56,1.30204470634
-1.555,1.30496079536
-1.55,1.30792490702
-1.545,1.31093821062
-1.54,1.31400191398
-1.535,1.31711726503
-1.53,1.32028555352
-1.525,1.32350811283
-1.52,1.32678632179
-1.515,1.33012160674
-1.51,1.33351544354
-1.505,1.3369693598
-1.5,1.34048493717
-1.495,1.34406381383
-1.49,1.34770768698
-1.485,1.35141831565
-1.48,1.35519752351
-1.475,1.35904720189
-1.47,1.36296931305
-1.465,1.36696589353
-1.46,1.37103905773
-1.455,1.37519100174
-1.45,1.37942400737
-1.445,1.38374044639
-1.44,1.38814278509
-1.435,1.3926335891
-1.43,1.39721552849
-1.425,1.40189138318
-1.42,1.40666404876
-1.415,1.41153654262
-1.41,1.41651201052
-1.405,1.42159373352
-1.4,1.42678513549
-1.395,1.43208979103
-1.39,1.43751143395
-1.385,1.44305396636
-1.38,1.44872146836
-1.375,1.45451820844
-1.37,1.46044865463
-1.365,1.46651748639
-1.36,1.47272960745
-1.355,1.4790901596
-1.35,1.48560453739
-1.345,1.49227840416
-1.34,1.49911770907
-1.335,1.50612870567
-1.33,1.51331797175
-1.325,1.52069243094
-1.32,1.52825937596
-1.315,1.53602649381
-1.31,1.54400189305
-1.305,1.55219413344
-1.3,1.56061225805
-1.295,1.56926582817
-1.29,1.5781649614
-1.285,1.58732037296
-1.28,1.59674342095
-1.275,1.60644615564
-1.27,1.61644137342
-1.265,1.62674267589
-1.26,1.63736453457
-1.255,1.64832236202
-1.25,1.65963258997
-1.245,1.67131275536
-1.24,1.68338159511
-1.235,1.69585915082
-1.23,1.70876688453
-1.225,1.72212780677
-1.22,1.73596661864
-1.215,1.75030986956
-1.21,1.76518613267
-1.205,1.78062620019
-1.2,1.79666330133
-1.195,1.81333334563
-1.19,1.83067519519
-1.185,1.84873096954
-1.18,1.86754638741
-1.175,1.88717115048
-1.17,1.90765937446
-1.165,1.92907007372
-1.16,1.95146770637
-1.155,1.97492278711
-1.15,1.99951257604
-1.145,2.02532185145
-1.14,2.05244377493
-1.135,2.08098085569
-1.13,2.11104601912
-1.125,2.14276378
-1.12,2.17627151277
-1.115,2.21172079793
-1.11,2.24927880115
-1.105,2.28912960462
-1.1,2.33147535091
-1.095,2.37653696254
-1.09,2.42455404553
-1.085,2.47578333305
-1.08,2.53049461933
-1.075,2.58896247405
-1.07,2.65145095632
-1.065,2.71818680799
-1.06,2.78931379312
-1.055,2.8648163567
-1.05,2.94439378014
-1.045,3.02725569442
-1.04,3.11179631943
-1.035,3.19509229128
-1.03,3.27217367153
-1.025,3.33508516788
-1.02,3.37198170894
-1.015,3.36701432483
-1.01,3.30247045514
-1.005,3.16461577506
-1,2.95210488746
-0.995,2.68108342603
-0.99,2.38075053212
-0.985,2.08157493877
-0.98,1.80543166496
-0.975,1.56300899789
-0.97,1.35643929837
-0.965,1.18311248057
-0.96,1.03853756602
-0.955,0.917945320101
-0.95,0.817003909788
-0.945,0.732048183422
-0.94,0.660083849386
-0.935,0.598705707736
-0.93,0.545995038573
-0.925,0.500422910618
-0.92,0.460768199194
-0.915,0.426051421411
-0.91,0.395482635427
-0.905,0.368420898273
-0.9,0.344342865007
-0.895,0.322818477687
-0.89,0.303492101723
-0.885,0.286067833009
-0.88,0.270297998656
-0.875,0.255974108724
-0.87,0.242919695996
-0.865,0.230984616827
-0.86,0.220040488435
-0.855,0.209977014919
-0.85,0.200699012163
-0.845,0.192123985388
-0.84,0.18418014618
-0.835,0.176804780864
-0.83,0.169942901315
-0.825,0.163546123965
-0.82,0.157571734127
-0.815,0.151981901543
-0.81,0.146743019937
-0.805,0.14182514869
-0.8,0.137201539004
-0.795,0.132848230272
-0.79,0.128743704987
-0.785,0.124868592708
-0.78,0.121205415236
-0.775,0.11773836658
-0.77,0.114453122373
-0.765,0.111336674307
-0.76,0.108377185893
-0.755,0.105563866452
-0.75,0.102886860752
-0.745,0.100337152086
-0.74,0.0979064769643
-0.735,0.0955872498279
-0.73,0.0933724964779
-0.725,0.0912557950641
-0.72,0.0892312236716
-0.715,0.0872933136677
-0.71,0.0854370080958
-0.705,0.083657624496
-0.7,0.0819508216218
-0.695,0.0803125695884
-0.69,0.0787391230534
-0.685,0.0772269970804
-0.68,0.0757729453804
-0.675,0.0743739406673
-0.67,0.0730271568923
-0.665,0.0717299531548
-0.66,0.0704798591102
-0.655,0.0692745617153
-0.65,0.0681118931731
-0.645,0.0669898199539
-0.64,0.0659064327825
-0.635,0.0648599374957
-0.63,0.0638486466837
-0.625,0.0628709720392
-0.62,0.061925417346
-0.615,0.0610105720462
-0.61,0.0601251053316
-0.605,0.0592677607113
-0.6,0.0584373510103
-0.595,0.0576327537626
-0.59,0.0568529069604
-0.585,0.0560968051312
-0.58,0.0553634957108
-0.575,0.0546520756897
-0.57,0.0539616885071
-0.565,0.0532915211732
-0.56,0.0526408016002
-0.555,0.0520087961239
-0.55,0.051394807202
-0.545,0.0507981712734
-0.54,0.0502182567661
-0.535,0.0496544622425
-0.53,0.0491062146698
-0.525,0.0485729678078
-0.52,0.0480542007036
-0.515,0.0475494162851
-0.51,0.0470581400474
-0.505,0.0465799188232
-0.5,0.0461143196318
-0.495,0.0456609286023
-0.49,0.0452193499627
-0.485,0.0447892050929
-0.48,0.0443701316363
-0.475,0.0439617826645
-0.47,0.0435638258934
-0.465,0.0431759429461
-0.46,0.0427978286594
-0.455,0.0424291904314
-0.45,0.0420697476066
-0.445,0.0417192308972
-0.44,0.0413773818372
-0.435,0.0410439522678
-0.43,0.0407187038515
-0.425,0.0404014076133
-0.42,0.040091843508
-0.415,0.0397898000103
-0.41,0.0394950737281
-0.405,0.0392074690363
-0.4,0.0389267977303
-0.395,0.0386528786981
-0.39,0.0383855376094
-0.385,0.0381246066215
-0.38,0.0378699240999
-0.375,0.0376213343541
-0.37,0.0373786873861
-0.365,0.0371418386523
-0.36,0.0369106488375
-0.355,0.0366849836394
-0.35,0.0364647135652
-0.345,0.0362497137368
-0.34,0.0360398637069
-0.335,0.0358350472832
-0.33,0.0356351523614
-0.325,0.0354400707667
-0.32,0.0352496981018
-0.315,0.0350639336036
-0.31,0.0348826800054
-0.305,0.0347058434065
-0.3,0.0345333331473
-0.295,0.0343650616907
-0.29,0.0342009445084
-0.285,0.0340408999735
-0.28,0.0338848492566
-0.275,0.0337327162282
-0.27,0.033584427364
-0.265,0.0334399116558
-0.26,0.0332991005257
-0.255,0.0331619277445
-0.25,0.0330283293532
-0.245,0.0328982435889
-0.24,0.0327716108134
-0.235,0.0326483734451
-0.23,0.0325284758936
-0.225,0.0324118644981
-0.22,0.0322984874678
-0.215,0.0321882948247
-0.21,0.03208123835
-0.205,0.0319772715315
-0.2,0.0318763495148
-0.195,0.0317784290551
-0.19,0.0316834684728
-0.185,0.0315914276093
-0.18,0.0315022677864
-0.175,0.0314159517667
-0.17,0.0313324437154
-0.165,0.0312517091649
-0.16,0.0311737149803
-0.155,0.0310984293264
-0.15,0.0310258216364
-0.145,0.0309558625826
-0.14,0.0308885240474
-0.135,0.0308237790965
-0.13,0.0307616019534
-0.125,0.0307019679743
-0.12,0.0306448536254
-0.115,0.0305902364607
-0.11,0.0305380951008
-0.105,0.0304884092132
-0.1,0.0304411594935
-0.095,0.0303963276479
-0.09,0.0303538963761
-0.085,0.0303138493557
-0.08,0.0302761712274
-0.075,0.0302408475812
-0.07,0.0302078649434
-0.065,0.0301772107644
-0.06,0.0301488734078
-0.055,0.0301228421397
-0.05,0.0300991071194
-0.045,0.0300776593906
-0.04,0.0300584908734
-0.035,0.0300415943574
-0.03,0.0300269634954
-0.025,0.0300145927975
-0.02,0.0300044776264
-0.015,0.0299966141937
-0.01,0.0299909995562
-0.005,0.0299876316134
0,0.0299865091057
0.005,0.0299876316134
0.01,0.0299909995562
0.015,0.0299966141937
0.02,0.0300044776264
0.025,0.0300145927975
0.03,0.0300269634954
0.035,0.0300415943574
0.04,0.0300584908734
0.045,0.0300776593906
0.05,0.0300991071194
0.055,0.0301228421397
0.06,0.0301488734078
0.065,0.0301772107644
0.07,0.0302078649434
0.075,0.0302408475812
0.08,0.0302761712274
0.085,0.0303138493557
0.09,0.0303538963761
0.095,0.0303963276479
0.1,0.0304411594935
0.105,0.0304884092132
0.11,0.0305380951008
0.115,0.0305902364607
0.12,0.0306448536254
0.125,0.0307019679743
0.13,0.0307616019534
0.135,0.0308237790965
0.14,0.0308885240474
0.145,0.0309558625826
0.15,0.0310258216364
0.155,0.0310984293264
0.16,0.0311737149803
0.165,0.0312517091649
0.17,0.0313324437154
0.175,0.0314159517667
0.18,0.0315022677864
0.185,0.0315914276093
0.19,0.0316834684728
0.195,0.0317784290551
0.2,0.0318763495148
0.205,0.0319772715315
0.21,0.03208123835
0.215,0.0321882948247
0.22,0.0322984874678
0.225,0.0324118644981
0.23,0.0325284758936
0.235,0.0326483734451
0.24,0.0327716108134
0.245,0.0328982435889
0.25,0.0330283293532
0.255,0.0331619277445
0.26,0.0332991005257
0.265,0.0334399116558
0.27,0.033584427364
0.275,0.0337327162282
0.28,0.0338848492566
0.285,0.0340408999735
0.29,0.0342009445084
0.295,0.0343650616907
0.3,0.0345333331473
0.305,0.0347058434065
0.31,0.0348826800054
0.315,0.0350639336036
0.32,0.0352496981018
0.325,0.0354400707667
0.33,0.0356351523614
0.335,0.0358350472832
0.34,0.0360398637069
0.345,0.0362497137368
0.35,0.0364647135652
0.355,0.0366849836394
0.36,0.0369106488375
0.365,0.0371418386523
0.37,0.0373786873861
0.375,0.0376213343541
0.38,0.0378699240999
0.385,0.0381246066215
0.39,0.0383855376094
0.395,0.0386528786981
0.4,0.0389267977303
0.405,0.0392074690363
0.41,0.0394950737281
0.415,0.0397898000103
0.42,0.040091843508
0.425,0.0404014076133
0.43,0.0407187038515
0.435,0.0410439522678
0.44,0.0413773818372
0.445,0.0417192308972
0.45,0.0420697476066
0.455,0.0424291904314
0.46,0.0427978286594
0.465,0.0431759429461
0.47,0.0435638258934
0.475,0.0439617826645
0.48,0.0443701316363
0.485,0.0447892050929
0.49,0.0452193499627
0.495,0.0456609286023
0.5,0.0461143196318
0.505,0.0465799188232
0.51,0.0470581400474
0.515,0.0475494162851
0.52,0.0480542007036
0.525,0.0485729678078
0.53,0.0491062146698
0.535,0.0496544622425
0.54,0.0502182567661
0.545,0.0507981712734
0.55,0.051394807202
0.555,0.0520087961239
0.56,0.0526408016002
0.565,0.0532915211732
0.57,0.0539616885071
0.575,0.0546520756897
0.58,0.0553634957108
0.585,0.0560968051312
0.59,0.0568529069604
0.595,0.0576327537626
0.6,0.0584373510103
0.605,0.0592677607113
0.61,0.0601251053316
0.615,0.0610105720462
0.62,0.061925417346
0.625,0.0628709720392
0.63,0.0638486466837
0.635,0.0648599374957
0.64,0.0659064327825
0.645,0.0669898199539
0.65,0.0681118931731
0.655,0.0692745617153
0.66,0.0704798591102
0.665,0.0717299531548
0.67,0.0730271568923
0.675,0.0743739406673
0.68,0.0757729453804
0.685,0.0772269970804
0.69,0.0787391230534
0.695,0.0803125695884
0.7,0.0819508216218
0.705,0.083657624496
0.71,0.0854370080958
0.715,0.0872933136677
0.72,0.0892312236716
0.725,0.0912557950641
0.73,0.0933724964779
0.735,0.0955872498279
0.74,0.0979064769643
0.745,0.100337152086
0.75,0.102886860752
0.755,0.105563866452
0.76,0.108377185893
0.765,0.111336674307
0.77,0.114453122373
0.775,0.11773836658
0.78,0.121205415236
0.785,0.124868592708
0.79,0.128743704987
0.795,0.132848230272
0.8,0.137201539004
0.805,0.14182514869
0.81,0.146743019937
0.815,0.151981901543
0.82,0.157571734127
0.825,0.163546123965
0.83,0.169942901315
0.835,0.176804780864
0.84,0.18418014618
0.845,0.192123985388
0.85,0.200699012163
0.855,0.209977014919
0.86,0.220040488435
0.865,0.230984616827
0.87,0.242919695996
0.875,0.255974108724
0.88,0.270297998656
0.885,0.286067833009
0.89,0.303492101723
0.895,0.322818477687
0.9,0.344342865007
0.905,0.368420898273
0.91,0.395482635427
0.915,0.426051421411
0.92,0.460768199194
0.925,0.500422910618
0.93,0.545995038573
0.935,0.598705707736
0.94,0.660083849386
0.945,0.732048183422
0.95,0.817003909788
0.955,0.917945320101
0.96,1.03853756602
0.965,1.18311248057
0.97,1.35643929837
0.975,1.56300899789
0.98,1.80543166496
0.985,2.08157493877
0.99,2.38075053212
0.995,2.68108342603
1,2.95210488746
1.005,3.16461577506
1.01,3.30247045514
1.015,3.36701432483
1.02,3.37198170894
1.025,3.33508516788
1.03,3.27217367153
1.035,3.19509229128
1.04,3.11179631943
1.045,3.02725569442
1.05,2.94439378014
1.055,2.8648163567
1.06,2.78931379312
1.065,2.71818680799
1.07,2.65145095632
1.075,2.58896247405
1.08,2.53049461933
1.085,2.47578333305
1.09,2.42455404553
1.095,2.37653696254
1.1,2.33147535091
1.105,2.28912960462
1.11,2.24927880115
1.115,2.21172079793
1.12,2.17627151277
1.125,2.14276378
1.13,2.11104601912
1.135,2.08098085569
1.14,2.05244377493
1.145,2.02532185145
1.15,1.99951257604
1.155,1.97492278711
1.16,1.95146770637
1.165,1.92907007372
1.17,1.90765937446
1.175,1.88717115048
1.18,1.86754638741
1.185,1.84873096954
1.19,1.83067519519
1.195,1.81333334563
1.2,1.79666330133
1.205,1.78062620019
1.21,1.76518613267
1.215,1.75030986956
1.22,1.73596661864
1.225,1.72212780677
1.23,1.70876688453
1.235,1.69585915082
1.24,1.68338159511
1.245,1.67131275536
1.25,1.65963258997
1.255,1.64832236202
1.26,1.63736453457
1.265,1.62674267589
1.27,1.61644137342
1.275,1.60644615564
1.28,1.59674342095
1.285,1.58732037296
1.29,1.5781649614
1.295,1.56926582817
1.3,1.56061225805
1.305,1.55219413344
1.31,1.54400189305
1.315,1.53602649381
1.32,1.52825937596
1.325,1.52069243094
1.33,1.51331797175
1.335,1.50612870567
1.34,1.49911770907
1.345,1.49227840416
1.35,1.48560453739
1.355,1.4790901596
1.36,1.47272960745
1.365,1.46651748639
1.37,1.46044865463
1.375,1.45451820844
1.38,1.44872146836
1.385,1.44305396636
1.39,1.43751143395
1.395,1.43208979103
1.4,1.42678513549
1.405,1.42159373352
1.41,1.41651201052
1.415,1.41153654262
1.42,1.40666404876
1.425,1.40189138318
1.43,1.39721552849
1.435,1.3926335891
1.44,1.38814278509
1.445,1.38374044639
1.45,1.37942400737
1.455,1.37519100174
1.46,1.37103905773
1.465,1.36696589353
1.47,1.36296931305
1.475,1.35904720189
1.48,1.35519752351
1.485,1.35141831565
1.49,1.34770768698
1.495,1.34406381383
1.5,1.34048493717
1.505,1.3369693598
1.51,1.33351544354
1.515,1.33012160674
1.52,1.32678632179
1.525,1.32350811283
1.53,1.32028555352
1.535,1.31711726503
1.54,1.31400191398
1.545,1.31093821062
1.55,1.30792490702
1.555,1.30496079536
1.56,1.30204470634
1.565,1.29917550764
1.57,1.29635210245
1.575,1.29357342805
1.58,1.29083845454
1.585,1.28814618352
1.59,1.28549564691
1.595,1.28288590578
1.6,1.28031604928
1.605,1.27778519356
1.61,1.27529248078
1.615,1.27283707815
1.62,1.27041817702
1.625,1.26803499201
1.63,1.26568676014
1.635,1.26337274006
1.64,1.26109221129
1.645,1.25884447346
1.65,1.25662884562
1.655,1.25444466556
1.66,1.25229128918
1.665,1.25016808985
1.67,1.24807445783
1.675,1.24600979971
1.68,1.24397353782
1.685,1.24196510979
1.69,1.23998396794
1.695,1.23802957888
1.7,1.23610142302
1.705,1.2341989941
1.71,1.23232179881
1.715,1.23046935632
1.72,1.22864119793
1.725,1.22683686668
1.73,1.22505591695
1.735,1.22329791415
1.74,1.22156243436
1.745,1.21984906399
1.75,1.2181573995
1.755,1.21648704706
1.76,1.21483762228
1.765,1.21320874991
1.77,1.21160006359
1.775,1.21001120557
1.78,1.20844182647
1.785,1.20689158501
1.79,1.20536014781
1.795,1.20384718914
1.8,1.20235239071
1.805,1.20087544146
1.81,1.19941603733
1.815,1.19797388109
1.82,1.19654868216
1.825,1.19514015638
1.83,1.19374802587
1.835,1.19237201886
1.84,1.19101186947
1.845,1.18966731763
1.85,1.18833810886
1.855,1.18702399413
1.86,1.18572472976
1.865,1.1844400772
1.87,1.18316980297
1.875,1.18191367848
1.88,1.1806714799
1.885,1.17944298809
1.89,1.1782279884
1.895,1.17702627061
1.9,1.17583762881
1.905,1.17466186127
1.91,1.17349877035
1.915,1.17234816237
1.92,1.17120984757
1.925,1.17008363995
1.93,1.1689693572
1.935,1.16786682062
1.94,1.16677585501
1.945,1.16569628861
1.95,1.164627953
1.955,1.163570683
1.96,1.16252431664
1.965,1.16148869503
1.97,1.16046366233
1.975,1.15944906566
1.98,1.15844475503
1.985,1.15745058325
1.99,1.15646640592
1.995,1.1554920813
2,1.15452747031
2.005,1.15357243642
2.01,1.1526268456
2.015,1.1516905663
2.02,1.15076346935
2.025,1.14984542791
2.03,1.14893631746
2.035,1.1480360157
2.04,1.14714440252
2.045,1.14626135995
2.05,1.1453867721
2.055,1.14452052515
2.06,1.14366250727
2.065,1.14281260858
2.07,1.14197072113
2.075,1.14113673883
2.08,1.14031055743
2.085,1.13949207447
2.09,1.13868118924
2.095,1.13787780277
2.1,1.13708181775
2.105,1.13629313853
2.11,1.13551167106
2.115,1.13473732287
2.12,1.13397000304
2.125,1.13320962217
2.13,1.13245609232
2.135,1.13170932703
2.14,1.13096924124
2.145,1.13023575128
2.15,1.12950877486
2.155,1.12878823103
2.16,1.12807404013
2.165,1.12736612379
2.17,1.12666440491
2.175,1.12596880762
2.18,1.12527925723
2.185,1.12459568029
2.19,1.12391800445
2.195,1.12324615855
2.2,1.12258007251
2.205,1.12191967737
2.21,1.12126490522
2.215,1.12061568922
2.22,1.11997196356
2.225,1.11933366344
2.23,1.11870072506
2.235,1.11807308557
2.24,1.11745068312
2.245,1.11683345676
2.25,1.11622134647
2.255,1.11561429314
2.26,1.11501223855
2.265,1.11441512534
2.27,1.113822897
2.275,1.11323549788
2.28,1.11265287313
2.285,1.11207496872
2.29,1.11150173141
2.295,1.11093310874
2.3,1.11036904901
2.305,1.10980950127
2.31,1.10925441532
2.315,1.10870374168
2.32,1.10815743156
2.325,1.1076154369
2.33,1.1070777103
2.335,1.10654420506
2.34,1.10601487511
2.345,1.10548967507
2.35,1.10496856016
2.355,1.10445148625
2.36,1.10393840983
2.365,1.10342928799
2.37,1.10292407841
2.375,1.10242273937
2.38,1.10192522971
2.385,1.10143150884
2.39,1.10094153675
2.395,1.10045527394
2.4,1.09997268147
2.405,1.09949372093
2.41,1.09901835442
2.415,1.09854654455
2.42,1.09807825445
2.425,1.09761344772
2.43,1.09715208847
2.435,1.09669414127
2.44,1.09623957117
2.445,1.09578834368
2.45,1.09534042477
2.455,1.09489578084
2.46,1.09445437875
2.465,1.09401618578
2.47,1.09358116966
2.475,1.0931492985
2.48,1.09272054086
2.485,1.09229486568
2.49,1.09187224232
2.495,1.09145264052
2.5,1.09103603042
2.505,1.09062238251
2.51,1.09021166769
2.515,1.08980385721
2.52,1.0893989227
2.525,1.08899683613
2.53,1.08859756983
2.535,1.08820109648
2.54,1.08780738909
2.545,1.08741642101
2.55,1.08702816593
2.555,1.08664259787
2.56,1.08625969114
2.565,1.0858794204
2.57,1.0855017606
2.575,1.08512668701
2.58,1.0847541752
2.585,1.08438420103
2.59,1.08401674065
2.595,1.08365177052
2.6,1.08328926735
2.605,1.08292920816
2.61,1.08257157024
2.615,1.08221633114
2.62,1.08186346868
2.625,1.08151296097
2.63,1.08116478633
2.635,1.08081892338
2.64,1.08047535098
2.645,1.08013404823
2.65,1.07979499448
2.655,1.07945816932
2.66,1.07912355259
2.665,1.07879112436
2.67,1.07846086491
2.675,1.07813275478
2.68,1.07780677471
2.685,1.07748290568
2.69,1.07716112888
2.695,1.07684142571
2.7,1.07652377779
2.705,1.07620816694
2.71,1.07589457521
2.715,1.07558298483
2.72,1.07527337823
2.725,1.07496573806
2.73,1.07466004715
2.735,1.07435628851
2.74,1.07405444537
2.745,1.07375450112
2.75,1.07345643936
2.755,1.07316024384
2.76,1.07286589852
2.765,1.07257338752
2.77,1.07228269514
2.775,1.07199380586
2.78,1.07170670431
2.785,1.07142137531
2.79,1.07113780384
2.795,1.07085597503
2.8,1.07057587418
2.805,1.07029748675
2.81,1.07002079836
2.815,1.06974579479
2.82,1.06947246194
2.825,1.06920078591
2.83,1.06893075292
2.835,1.06866234933
2.84,1.06839556166
2.845,1.06813037657
2.85,1.06786678087
2.855,1.06760476148
2.86,1.06734430549
2.865,1.06708540011
2.87,1.06682803269
2.875,1.0665721907
2.88,1.06631786176
2.885,1.0660650336
2.89,1.0658136941
2.895,1.06556383123
2.9,1.06531543313
2.905,1.06506848802
2.91,1.06482298427
2.915,1.06457891035
2.92,1.06433625486
2.925,1.06409500652
2.93,1.06385515415
2.935,1.0636166867
2.94,1.06337959321
2.945,1.06314386285
2.95,1.0629094849
2.955,1.06267644874
2.96,1.06244474386
2.965,1.06221435985
2.97,1.0619852864
2.975,1.06175751333
2.98,1.06153103053
2.985,1.061305828
2.99,1.06108189586
2.995,1.06085922429
3,1.06063780359
