T_over_Tc,kBT_over_Ec,Delta_over_Ec,Delta_over_Delta0,gap_residual
0,0,0.0714389022562,1,0
0.01,0.000404495251909,0.0714389022562,1,0
0.02,0.000808990503818,0.0714389022562,1,0
0.03,0.00121348575573,0.0714389022562,1,0
0.04,0.00161798100764,0.0714389022562,1,0
0.05,0.00202247625954,0.0714389022562,1,0
0.06,0.00242697151145,0.0714389022562,1,-7.54951656745e-14
0.07,0.00283146676336,0.0714389022559,0.999999999995,4.4408920985e-16
0.08,0.00323596201527,0.0714389022464,0.999999999863,1.7763568394e-15
0.09,0.00364045726718,0.0714389021353,0.999999998307,-8.881784197e-16
0.1,0.00404495251909,0.0714389013496,0.999999987309,8.881784197e-16
0.11,0.004449447771,0.0714388975232,0.999999933747,8.881784197e-16
0.12,0.00485394302291,0.0714388834275,0.999999736435,7.9936057773e-15
0.13,0.00525843827482,0.0714388414992,0.999999149524,9.23705556488e-14
0.14,0.00566293352672,0.071438735973,0.999997672371,-3.23741033981e-13
0.15,0.00606742877863,0.0714385034091,0.999994416948,0
0.16,0.00647192403054,0.0714380429367,0.999987971267,4.4408920985e-16
0.17,0.00687641928245,0.071437207631,0.999976278677,-4.4408920985e-16
0.18,0.00728091453436,0.0714357981633,0.999956548984,-2.22044604925e-15
0.19,0.00768540978627,0.0714335593798,0.999925210547,-8.881784197e-15
0.2,0.00808990503818,0.071430179954,0.999877905427,-3.46389583683e-14
0.21,0.00849440029009,0.0714252948465,0.999809523813,-1.1945999745e-13
0.22,0.008898895542,0.0714184900351,0.999714270229,-3.61044527608e-13
0.23,0.0093033907939,0.0714093088554,0.999585752302,7.54951656745e-15
0.24,0.00970788604581,0.0713972592897,0.999417082776,-4.4408920985e-16
0.25,0.0101123812977,0.0713818216068,0.99920098647,0
0.26,0.0105168765496,0.0713624558766,0.998929905455,0
0.27,0.0109213718015,0.0713386090014,0.99859609748,-4.4408920985e-16
0.28,0.0113258670534,0.0713097210296,0.998191724361,-4.4408920985e-16
0.29,0.0117303623054,0.0712752306207,0.997708928463,8.881784197e-16
0.3,0.0121348575573,0.0712345796079,0.997139896584,-8.881784197e-16
0.31,0.0125393528092,0.0711872166704,0.996476911349,-4.4408920985e-16
0.32,0.0129438480611,0.0711326001641,0.995712390834,8.881784197e-16
0.33,0.013348343313,0.071070200186,0.994838917473,8.881784197e-16
0.34,0.0137528385649,0.0709994999626,0.993849257481,0
0.35,0.0141573338168,0.0709199966525,0.992736372098,0
0.36,0.0145618290687,0.0708312016544,0.991493421894,-4.4408920985e-16
0.37,0.0149663243206,0.0707326405044,0.990113765336,4.4408920985e-16
0.38,0.0153708195725,0.0706238524375,0.988590952646,0
0.39,0.0157753148244,0.0705043896793,0.98691871589,-4.4408920985e-16
0.4,0.0161798100764,0.0703738165245,0.985090956074,-4.4408920985e-16
0.41,0.0165843053283,0.0702317082488,0.983101727919,0
0.42,0.0169888005802,0.0700776498932,0.980945222841,0
0.43,0.0173932958321,0.0699112349511,0.978615750566,-4.4408920985e-16
0.44,0.017797791084,0.0697320639815,0.976107719731,-4.4408920985e-16
0.45,0.0182022863359,0.0695397431678,0.973415617703,4.4408920985e-16
0.46,0.0186067815878,0.069333882834,0.970533989804,4.4408920985e-16
0.47,0.0190112768397,0.0691140959263,0.967457418066,1.33226762955e-15
0.48,0.0194157720916,0.0688799964663,0.964180499571,2.6645352591e-15
0.49,0.0198202673435,0.0686311979756,0.960697824406,7.1054273576e-15
0.5,0.0202247625954,0.0683673118715,0.9570039532,1.55431223448e-14
0.51,0.0206292578474,0.0680879458293,0.9530933942,2.975397706e-14
0.52,0.0210337530993,0.0677927021051,0.948960579797,5.68434188608e-14
0.53,0.0214382483512,0.0674811758109,0.944599842378,9.90318937966e-14
0.54,0.0218427436031,0.0671529531311,0.940005389364,1.63868918435e-13
0.55,0.022247238855,0.0668076094693,0.935171277263,2.59348098552e-13
0.56,0.0226517341069,0.0664447075084,0.930091384524,3.87245790989e-13
0.57,0.0230562293588,0.0660637951703,0.924759382967,-2.30482299912e-13
0.58,0.0234607246107,0.0656644034522,0.919168707502,-4.30766533555e-14
0.59,0.0238652198626,0.0652460441208,0.913312523851,-4.4408920985e-16
0.6,0.0242697151145,0.0648082072354,0.907183693877,4.4408920985e-16
0.61,0.0246742103664,0.0643503584728,0.900774738139,4.4408920985e-16
0.62,0.0250787056184,0.063871936219,0.894077795176,4.4408920985e-16
0.63,0.0254832008703,0.0633723483875,0.887084576974,-1.54987134238e-13
0.64,0.0258876961222,0.0628509689185,0.879786319967,1.72750702632e-13
0.65,0.0262921913741,0.0623071339059,0.872173730811,-3.24185123191e-14
0.66,0.026696686626,0.0617401372854,0.864236926037,4.17443857259e-14
0.67,0.0271011818779,0.0611492260116,0.855965364534,1.94955163124e-13
0.68,0.0275056771298,0.0605335946306,0.847347771575,-4.4408920985e-16
0.69,0.0279101723817,0.0598923791417,0.838372052903,4.4408920985e-16
0.7,0.0283146676336,0.0592246500177,0.829025197017,-4.4408920985e-16
0.71,0.0287191628855,0.0585294042234,0.819293163457,-8.881784197e-16
0.72,0.0291236581374,0.0578055560407,0.809160754365,1.33226762955e-15
0.73,0.0295281533893,0.0570519264587,0.798611465977,3.99680288865e-15
0.74,0.0299326486413,0.0562672308345,0.787627315893,1.50990331349e-14
0.75,0.0303371438932,0.0554500644528,0.776188640944,5.59552404411e-14
0.76,0.0307416391451,0.0545988855174,0.764273859102,1.94066984704e-13
0.77,0.031146134397,0.0537119949797,0.751859187128,-8.881784197e-16
0.78,0.0315506296489,0.0527875124404,0.738918303239,0
0.79,0.0319551249008,0.0518233471343,0.725421940953,4.4408920985e-16
0.8,0.0323596201527,0.0508171626964,0.711337395893,-4.4408920985e-16
0.81,0.0327641154046,0.0497663339838,0.696627921371,-4.4408920985e-16
0.82,0.0331686106565,0.0486678936267,0.681251980218,4.4408920985e-16
0.83,0.0335731059084,0.0475184651366,0.665162308431,0
0.84,0.0339776011603,0.0463141781647,0.648304728963,4.4408920985e-16
0.85,0.0343820964123,0.0450505596904,0.630616628581,4.4408920985e-16
0.86,0.0347865916642,0.043722392176,0.61202497232,0
0.87,0.0351910869161,0.0423235254851,0.592443670723,4.4408920985e-16
0.88,0.035595582168,0.0408466226204,0.57177002068,4.4408920985e-16
0.89,0.0360000774199,0.0392828082791,0.54987978592,7.1054273576e-15
0.9,0.0364045726718,0.0376211704119,0.526620219848,4.4408920985e-16
0.91,0.0368090679237,0.0358480316037,0.50179986634,-5.3290705182e-15
0.92,0.0372135631756,0.0339458448834,0.475173103327,-7.81597009336e-14
0.93,0.0376180584275,0.0318914455312,0.44641567163,4.4408920985e-16
0.94,0.0380225536794,0.0296531287399,0.415083768134,0
0.95,0.0384270489313,0.027185413285,0.380540747778,-4.4408920985e-16
0.96,0.0388315441833,0.0244187521579,0.341813093241,3.99680288865e-15
0.97,0.0392360394352,0.0212365171183,0.297268245278,-4.4408920985e-16
0.98,0.0396405346871,0.0174122013002,0.243735566342,0
0.99,0.040045029939,0.0123635071257,0.173064069229,0
1,0.0404495251909,0,0,nan
1.01,0.0408540204428,0,0,nan
1.02,0.0412585156947,0,0,nan
1.03,0.0416630109466,0,0,nan
1.04,0.0420675061985,0,0,nan
1.05,0.0424720014504,0,0,nan
1.06,0.0428764967023,0,0,nan
1.07,0.0432809919543,0,0,nan
1.08,0.0436854872062,0,0,nan
1.09,0.0440899824581,0,0,nan
1.1,0.04449447771,0,0,nan
