T_K,iterations,gap_residual_meV,Z_residual,linearized_eigenvalue,superconducting,Delta_iw0_meV,Z_iw0
2.0,147,8.932090622693067e-09,4.3781711589474526e-10,1.6823331783435764,True,1.5877461639857067,1.9553879476930796
4.0,157,9.346273754928802e-09,4.5417891669785604e-10,1.370222422189438,True,1.5408820343819651,1.9617557865931232
6.0,208,9.774313358690279e-09,4.495577243801563e-10,1.19109218708203,True,1.3901931049716545,1.9674868858554229
8.0,452,9.965622993490797e-09,3.3960168011049063e-10,1.0643605510599534,True,0.9766092062199498,1.9828541906427002
10.0,1,0.0,2.220446049250313e-16,0.9662639502714855,False,0.0,1.9996300088769268
12.0,1,0.0,2.220446049250313e-16,0.8870107234052624,False,0.0,1.9997430326692007
15.0,1,0.0,2.220446049250313e-16,0.7922387024371029,False,0.0,1.9998355256930602
20.0,1,0.0,2.220446049250313e-16,0.6789170188541374,False,0.0,1.999907476544589
25.0,1,0.0,0.0,0.603293851485989,False,0.0,1.9999407830161111
