id,k_mesh,degauss_Ry,energy_Ry,internal_energy_Ry,minus_TS_Ry,fermi_eV,pressure_kbar,scf_accuracy_Ry,iterations,n_irreducible_k,nbnd,degauss_output_Ry,band_warning_messages_total,band_warning_messages_final_iteration,energy_difference_meV_per_atom,abs_energy_difference_meV_per_atom,pressure_difference_kbar,fermi_difference_eV,passes_joint_reference_test
k08_s020,8,0.02,-39.5030599,-39.5031007,4.08e-05,7.8173,-8.13,2.3e-11,5,60,6,0.02,0,0,-3.3619667706336633,3.3619667706336633,-1.790000000000001,-0.02999999999999936,False
k12_s020,12,0.02,-39.50274868,-39.50251439,-0.00023429,7.8907,-6.25,3.5e-11,5,182,6,0.02,1,0,0.872397043013155,0.872397043013155,0.08999999999999986,0.043400000000000105,False
k16_s020,16,0.02,-39.50273192,-39.50268397,-4.795e-05,7.8351,-5.82,3.3e-11,5,408,6,0.02,6,0,1.100428459770457,1.100428459770457,0.5199999999999996,-0.012199999999999989,False
k20_s020,20,0.02,-39.5028128,-39.50283165,1.886e-05,7.8473,-6.34,2.6e-11,5,770,6,0.02,8,0,0.0,0.0,0.0,0.0,True
k08_s010,8,0.01,-39.50305152,-39.50302923,-2.229e-05,7.8099,-8.34,1.8e-11,5,60,6,0.01,0,0,-2.966721385480513,2.966721385480513,-2.01,-0.03950000000000031,False
k12_s010,12,0.01,-39.50265774,-39.50263535,-2.239e-05,7.8825,-6.19,3e-11,5,182,6,0.01,1,0,2.3909284525344985,2.3909284525344985,0.13999999999999968,0.03310000000000013,False
k16_s010,16,0.01,-39.50273334,-39.50275544,2.21e-05,7.8257,-5.41,3.4e-11,5,408,6,0.01,6,0,1.362338052403553,1.362338052403553,0.9199999999999999,-0.023699999999999832,False
k20_s010,20,0.01,-39.50283347,-39.5028531,1.962e-05,7.8494,-6.33,2.7e-11,5,770,6,0.01,8,0,0.0,0.0,0.0,0.0,True
k08_s005,8,0.005,-39.50305821,-39.50309272,3.451e-05,7.7946,-8.2,1.1e-11,5,60,6,0.005,0,0,-2.958285855723018,2.958285855723018,-2.129999999999999,-0.056700000000000195,False
k12_s005,12,0.005,-39.50267257,-39.50270357,3.1e-05,7.8668,-6.4,3.2e-11,5,182,6,0.005,1,0,2.288613640194679,2.288613640194679,-0.33000000000000007,0.015499999999999403,False
k16_s005,16,0.005,-39.50274047,-39.50274822,7.75e-06,7.824,-5.32,3.4e-11,5,408,6,0.005,6,0,1.3647870771749768,1.3647870771749768,0.75,-0.027300000000000324,False
k20_s005,20,0.005,-39.50284078,-39.50284662,5.84e-06,7.8513,-6.07,2.9e-11,5,770,6,0.005,8,0,0.0,0.0,0.0,0.0,True
