energy,periodic_mean,open_edge,open_center
-3,0.00194143113295,0.00142928423742,0.00194143113295
-2.995,0.00195147750716,0.00143500590661,0.00195147750716
-2.99,0.00196161452806,0.00144076634759,0.00196161452806
-2.985,0.00197184351209,0.0014465659629,0.00197184351209
-2.98,0.00198216580749,0.00145240516149,0.00198216580749
-2.975,0.00199258279551,0.00145828435888,0.00199258279551
-2.97,0.00200309589182,0.0014642039773,0.00200309589182
-2.965,0.0020137065479,0.00147016444587,0.0020137065479
-2.96,0.00202441625256,0.00147616620082,0.00202441625256
-2.955,0.00203522653358,0.00148220968565,0.00203522653358
-2.95,0.00204613895942,0.00148829535136,0.00204613895942
-2.945,0.00205715514104,0.00149442365664,0.00205715514104
-2.94,0.00206827673384,0.00150059506808,0.00206827673384
-2.935,0.00207950543975,0.00150681006047,0.00207950543975
-2.93,0.00209084300944,0.00151306911693,0.00209084300944
-2.925,0.00210229124468,0.00151937272929,0.00210229124468
-2.92,0.00211385200089,0.00152572139826,0.00211385200089
-2.915,0.00212552718985,0.00153211563375,0.00212552718985
-2.91,0.00213731878259,0.0015385559552,0.00213731878259
-2.905,0.00214922881253,0.00154504289181,0.00214922881253
-2.9,0.00216125937883,0.00155157698295,0.00216125937883
-2.895,0.00217341265001,0.00155815877846,0.00217341265001
-2.89,0.0021856908678,0.00156478883904,0.0021856908678
-2.885,0.00219809635138,0.0015714677366,0.00219809635138
-2.88,0.00221063150186,0.00157819605473,0.00221063150186
-2.875,0.0022232988072,0.00158497438908,0.0022232988072
-2.87,0.00223610084749,0.00159180334785,0.00223610084749
-2.865,0.0022490403007,0.00159868355227,0.0022490403007
-2.86,0.00226211994888,0.00160561563713,0.00226211994888
-2.855,0.00227534268494,0.00161260025132,0.00227534268494
-2.85,0.00228871152004,0.00161963805843,0.00228871152003
-2.845,0.00230222959152,0.00162672973737,0.00230222959152
-2.84,0.00231590017177,0.00163387598309,0.00231590017177
-2.835,0.00232972667769,0.00164107750724,0.00232972667769
-2.83,0.00234371268121,0.00164833503896,0.0023437126812
-2.825,0.00235786192072,0.00165564932576,0.00235786192071
-2.82,0.00237217831369,0.00166302113435,0.00237217831368
-2.815,0.0023866659705,0.00167045125163,0.00238666597049
-2.81,0.00240132920965,0.00167794048575,0.00240132920964
-2.805,0.00241617257462,0.00168548966719,0.0024161725746
-2.8,0.00243120085236,0.00169309964998,0.00243120085234
-2.795,0.00244641909392,0.00170077131306,0.0024464190939
-2.79,0.00246183263717,0.00170850556163,0.00246183263715
-2.785,0.00247744713215,0.00171630332877,0.00247744713212
-2.78,0.00249326856917,0.00172416557709,0.00249326856914
-2.775,0.00250930331024,0.00173209330058,0.0025093033102
-2.77,0.00252555812411,0.00174008752663,0.00252555812405
-2.765,0.00254204022548,0.00174814931822,0.00254204022541
-2.76,0.00255875731904,0.00175627977637,0.00255875731895
-2.755,0.00257571764889,0.00176448004279,0.00257571764877
-2.75,0.00259293005422,0.0017727513028,0.00259293005407
-2.745,0.00261040403217,0.00178109478857,0.00261040403198
-2.74,0.00262814980895,0.00178951178274,0.00262814980871
-2.735,0.00264617842044,0.00179800362234,0.00264617842013
-2.73,0.00266450180383,0.00180657170327,0.00266450180343
-2.725,0.00268313290205,0.00181521748516,0.00268313290154
-2.72,0.00270208578303,0.00182394249693,0.00270208578238
-2.715,0.00272137577631,0.00183274834289,0.00272137577547
-2.71,0.0027410196299,0.00184163670971,0.00274101962882
-2.705,0.00276103569089,0.00185060937412,0.00276103568949
-2.7,0.00278144411406,0.00185966821177,0.00278144411226
-2.695,0.00280226710341,0.00186881520711,0.00280226710108
-2.69,0.00282352919276,0.00187805246466,0.00282352918975
-2.685,0.00284525757263,0.00188738222185,0.00284525756874
-2.68,0.00286748247228,0.00189680686367,0.00286748246726
-2.675,0.00289023760767,0.00190632893941,0.00289023760119
-2.67,0.00291356070825,0.00191595118192,0.00291356069991
-2.665,0.00293749413875,0.00192567652984,0.00293749412806
-2.66,0.00296208563528,0.00193550815322,0.00296208562162
-2.655,0.00298738917976,0.00194544948333,0.00298738916246
-2.65,0.00301346604218,0.00195550424732,0.00301346602047
-2.645,0.00304038602669,0.00196567650873,0.00304038599987
-2.64,0.00306822896635,0.00197597071498,0.00306822893401
-2.635,0.0030970865212,0.00198639175328,0.00309708648358
-2.63,0.00312706434695,0.00199694501661,0.00312706430587
-2.625,0.00315828471675,0.00200763648194,0.00315828467712
-2.62,0.00319088969562,0.00201847280317,0.00319088966826
-2.615,0.00322504498704,0.00202946142201,0.00322504499379
-2.61,0.00326094459165,0.00204061070044,0.00326094467452
-2.605,0.00329881643655,0.0020519300794,0.00329881667394
-2.6,0.00333892914335,0.00206343026914,0.0033389296788
-2.595,0.00338160009245,0.00207512347731,0.00338160118535
-2.59,0.00342720488583,0.00208702368189,0.00342720700028
-2.585,0.00347618816934,0.00209914695619,0.00347619212881
-2.58,0.00352907547372,0.00211151185217,0.00352908272689
-2.575,0.0035864851439,0.00212413984565,0.00358649821312
-2.57,0.0036491383401,0.00213705583983,0.00364916155393
-2.565,0.00371786319161,0.00215028870894,0.00371790381736
-2.56,0.0037935860298,0.00216387183692,0.00379365584911
-2.555,0.00387729777563,0.00217784355845,0.00387741479134
-2.55,0.00396997696647,0.00219224733137,0.00397016582302
-2.545,0.0040724440204,0.00220713135363,0.00407273092713
-2.54,0.00418511921369,0.0022225471885,0.0041855113459
-2.535,0.00430767078645,0.00223854682722,0.00430810114445
-2.53,0.00443858615336,0.00225517762405,0.00443879957443
-2.525,0.00457478558913,0.00227247491603,0.00457416586838
-2.52,0.00471148724736,0.00229045312042,0.00470892751296
-2.515,0.00484252556639,0.0023090975983,0.00483663762988
-2.51,0.00496115127949,0.00232836078828,0.00495121703122
-2.505,0.00506113494384,0.00234816571567,0.00504880975153
-2.5,0.00513799786647,0.00236841705937,0.00512874640958
-2.495,0.00519027125699,0.0023890151548,0.00519274317755
-2.49,0.00522041630697,0.00240986539453,0.00524280223474
-2.485,0.00523467370158,0.00243088085149,0.0052793904604
-2.48,0.00524147196318,0.00245198766828,0.00530129338429
-2.475,0.00524898992496,0.00247314192574,0.00530727088921
-2.47,0.00526294157359,0.00249434336676,0.00529826737861
-2.465,0.00528525364776,0.00251561601622,0.00527850682257
-2.46,0.00531374661384,0.00253695467918,0.00525474712949
-2.455,0.00534279053371,0.00255828664713,0.00523439162807
-2.45,0.00536500002687,0.00257950437592,0.00522369584809
-2.445,0.00537380790727,0.0026005630439,0.00522675221181
-2.44,0.00536606265793,0.00262156056257,0.00524515979855
-2.435,0.00534332132544,0.00264271087822,0.00527797217207
-2.43,0.00531111673293,0.00266420527771,0.00532167342927
-2.425,0.00527682672865,0.00268605384235,0.00537028719304
-2.42,0.00524751061692,0.00270802535742,0.00541601980575
-2.415,0.00522864436706,0.00272974949355,0.00545082167387
-2.41,0.0052238253815,0.00275094455505,0.00546870663409
-2.405,0.00523502907816,0.00277163521332,0.00546782743186
-2.4,0.00526297802553,0.00279220477465,0.00545103667069
-2.395,0.00530735430632,0.00281323054587,0.00542455952187
-2.39,0.00536674600413,0.0028351961188,0.00539569700594
-2.385,0.00543833551776,0.00285823310676,0.00537087156341
-2.38,0.00551746309117,0.00288200631861,0.00535469101473
-2.375,0.00559737861199,0.00290579754176,0.00534992872289
-2.37,0.00566966841628,0.00292878775079,0.00535798963171
-2.365,0.00572577005162,0.002950447498,0.00537947594704
-2.36,0.00575939082238,0.00297084187935,0.00541461191598
-2.355,0.00576872893926,0.00299066092311,0.00546341101077
-2.35,0.00575709043023,0.00301095272007,0.00552556438826
-2.345,0.00573146185648,0.00303271864362,0.00560009274811
-2.34,0.00570001815303,0.0030565584972,0.00568483488488
-2.335,0.00566999300967,0.00308245834949,0.00577589649355
-2.33,0.00564665083949,0.00310973871213,0.0058673137428
-2.325,0.00563324124766,0.00313718306861,0.00595135650442
-2.32,0.00563145964491,0.00316337939451,0.00601987646724
-2.315,0.00564201374049,0.00318723255896,0.00606659889275
-2.31,0.00566509536927,0.00320844742391,0.00608937588328
-2.305,0.00570070354791,0.0032277074523,0.00609100979421
-2.3,0.00574883013233,0.00324643389621,0.00607806591751
-2.295,0.00580953218103,0.00326628515348,0.00605849475622
-2.29,0.00588290358939,0.0032886671031,0.00603946141638
-2.285,0.00596893917066,0.00331441003667,0.00602619767966
-2.28,0.00606726683968,0.00334360715914,0.00602183595683
-2.275,0.00617672017144,0.00337555632949,0.00602778489821
-2.27,0.00629475785591,0.00340880283037,0.00604426167815
-2.265,0.00641684362423,0.00344136313555,0.0060708003347
-2.26,0.00653609715061,0.00347121163957,0.00610669999309
-2.255,0.00664372717006,0.0034969600277,0.00615140539903
-2.25,0.00673068755975,0.00351842963531,0.00620476952252
-2.245,0.00679034680906,0.0035367673109,0.00626712990736
-2.24,0.00682095183461,0.00355402975132,0.00633919112314
-2.235,0.00682632590618,0.00357251324378,0.0064217852342
-2.23,0.0068143047579,0.00359418281535,0.00651558834915
-2.225,0.00679398652745,0.00362035639196,0.00662080630737
-2.22,0.00677337421653,0.00365158630055,0.00673678383754
-2.215,0.00675823265854,0.00368761223155,0.00686150045516
-2.21,0.00675203208406,0.00372731678508,0.00699101768689
-2.205,0.00675645283159,0.00376872473532,0.00711913580876
-2.2,0.00677200903657,0.00380918778529,0.00723772705489
-2.195,0.00679857103608,0.0038459049424,0.00733819297499
-2.19,0.00683573059169,0.00387675274516,0.0074139400999
-2.185,0.00688302925122,0.00390108857659,0.00746281194678
-2.18,0.00694009002479,0.00392004491198,0.00748797466328
-2.175,0.00700668814424,0.00393611444088,0.00749663324264
-2.17,0.00708278573582,0.00395231357366,0.00749746937742
-2.165,0.0071685445822,0.00397140944592,0.00749831163299
-2.16,0.00726432211306,0.00399548695974,0.00750491579041
-2.155,0.00737064751398,0.0040258276172,0.00752080445299
-2.15,0.0074881659259,0.0040629272724,0.00754767657099
-2.145,0.00761752788278,0.00410649937469,0.00758594578501
-2.14,0.0077591885713,0.00415540032507,0.00763518124695
-2.135,0.00791307146452,0.0042075216857,0.00769440429049
-2.13,0.00807805694546,0.00425980539703,0.00776229787217
-2.125,0.00825130780476,0.00430860551306,0.00783742517317
-2.12,0.00842758118876,0.00435052579409,0.00791852527724
-2.115,0.00859891274797,0.00438353002474,0.00800485271387
-2.11,0.0087552719112,0.00440775324468,0.0080964167054
-2.105,0.00888663921821,0.00442547969117,0.00819397966785
-2.1,0.00898612859148,0.00444030606631,0.00829882278294
-2.095,0.00905264270259,0.00445604291313,0.00841243015795
-2.09,0.009091343255,0.00447591359539,0.00853623991033
-2.085,0.00911160162736,0.00450223236105,0.00867149905176
-2.08,0.00912382258613,0.0045364201275,0.0088191608319
-2.075,0.00913689740512,0.00457912993995,0.00897972950687
-2.07,0.00915707572994,0.0046303153456,0.00915296923045
-2.065,0.00918801355992,0.0046891670713,0.0093374329063
-2.06,0.00923138686346,0.00475392925873,0.0095298506489
-2.055,0.0092875953226,0.00482170335339,0.00972458190726
-2.05,0.00935633342072,0.00488846187895,0.00991356783223
-2.045,0.00943698079018,0.00494955277115,0.0100873482583
-2.04,0.00952884055567,0.00500081514491,0.0102373802096
-2.035,0.00963127220513,0.00503997604906,0.0103589551184
-2.03,0.00974375923985,0.00506756642625,0.0104531123063
-2.025,0.00986594002544,0.00508673868965,0.0105262515694
-2.02,0.00999761989126,0.00510211764658,0.0105877206154
-2.015,0.0101387751409,0.00511843062659,0.0106469426424
-2.01,0.0102895548094,0.00513958269875,0.0107114847938
-2.005,0.0104502828623,0.00516834555713,0.0107864304938
-2,0.0106214612309,0.00520645711542,0.0108746469675
-1.995,0.0108037718788,0.00525485404652,0.0109773924387
-1.99,0.0109980732462,0.00531384501056,0.011094898519
-1.985,0.0112053820689,0.00538313204014,0.0112267799099
-1.98,0.0114268247315,0.00546165599477,0.011372253748
-1.975,0.0116635320666,0.00554730202994,0.0115302099142
-1.97,0.011916438015,0.00563659291021,0.0116992057324
-1.965,0.0121859296803,0.0057246307222,0.0118774896357
-1.96,0.0124712970882,0.005805634416,0.0120631743797
-1.955,0.0127699753458,0.0058742585802,0.0122546258286
-1.95,0.0130767075105,0.00592734361388,0.0124509725551
-1.945,0.0133830139933,0.00596517154712,0.0126524707399
-1.94,0.0136776400349,0.00599138861386,0.012860482155
-1.935,0.0139486214205,0.00601165160475,0.0130770823811
-1.93,0.0141868182007,0.00603189251244,0.0133045589641
-1.925,0.0143893983941,0.00605708610523,0.0135450549881
-1.92,0.0145611178575,0.00609080103755,0.0138004357345
-1.915,0.0147124957827,0.00613531474843,0.0140723071954
-1.91,0.0148561548119,0.00619194746241,0.014362073575
-1.905,0.0150034906622,0.0062613694533,0.0146709418753
-1.9,0.0151629366864,0.0063437617301,0.0149998084413
-1.895,0.0153397597511,0.00643878622767,0.0153489761426
-1.89,0.0155366940051,0.00654535802163,0.0157176660535
-1.885,0.0157547846693,0.00666125124016,0.0161033405607
-1.88,0.0159941122765,0.00678265762651,0.0165009938721
-1.875,0.0162543037056,0.00690397036015,0.0169028083624
-1.87,0.0165348510043,0.00701820985741,0.0172988016449
-1.865,0.0168352919356,0.00711841587021,0.0176789527683
-1.86,0.0171553027251,0.00719977576237,0.0180364527954
-1.855,0.0174947398752,0.00726147551777,0.0183705315093
-1.85,0.0178536549375,0.00730708398241,0.0186870443636
-1.845,0.0182322966404,0.00734319924753,0.0189964057318
-1.84,0.0186311086259,0.00737728308065,0.0193102814272
-1.835,0.0190507273454,0.0074158957792,0.019638891256
-1.83,0.019491982533,0.00746389746162,0.0199897872799
-1.825,0.019955901476,0.00752446291878,0.0203678785417
-1.82,0.0204437176033,0.00759948710165,0.0207760643229
-1.815,0.0209568833942,0.00769003951739,0.0212159674075
-1.81,0.0214970870277,0.00779669230909,0.0216885213446
-1.805,0.0220662712513,0.00791965940924,0.0221943490018
-1.8,0.0226666512769,0.00805872893113,0.0227339497846
-1.795,0.0233007255202,0.00821298226648,0.0233077322904
-1.79,0.0239712678532,0.00838031498805,0.0239159309437
-1.785,0.0246812816093,0.00855685262498,0.0245584593379
-1.78,0.0254338828361,0.00873652061832,0.0252347955285
-1.775,0.0262320635389,0.00891123502203,0.0259440522027
-1.77,0.0270782699217,0.00907220731373,0.0266853890044
-1.765,0.0279737325925,0.0092123728947,0.0274587729861
-1.76,0.0289175431916,0.00932898822174,0.0282657947814
-1.755,0.0299056442667,0.00942484183511,0.0291100627143
-1.75,0.0309302222174,0.00950723579486,0.0299969157555
-1.745,0.0319803430949,0.00958545575254,0.0309326770103
-1.74,0.0330446106531,0.00966828106492,0.0319239258248
-1.735,0.0341156152768,0.00976257665263,0.0329771092994
-1.73,0.0351942465128,0.00987303059519,0.0340985122324
-1.725,0.0362912137172,0.0100025632215,0.0352944375135
-1.72,0.0374247395976,0.0101529276293,0.0365714449158
-1.715,0.0386160679518,0.0103252248416,0.0379365549358
-1.71,0.0398854619702,0.0105202300053,0.0393973714238
-1.705,0.041250209276,0.0107385084606,0.0409620931711
-1.7,0.0427245173916,0.0109803175557,0.0426393794869
-1.695,0.0443204359964,0.0112452825439,0.044438026702
-1.69,0.0460490414269,0.0115318423212,0.0463664298668
-1.685,0.0479214902252,0.0118365281525,0.0484318915713
-1.68,0.0499498369739,0.012153310166,0.0506400473974
-1.675,0.0521476506657,0.0124735069919,0.0529949871095
-1.67,0.054530503852,0.0127869078192,0.0555008342741
-1.665,0.0571164054012,0.0130844009229,0.0581651349
-1.66,0.0599262327509,0.0133613388305,0.0610031652461
-1.655,0.0629842060545,0.0136198147518,0.0640410383295
-1.65,0.0663184380821,0.0138683222162,0.0673158393159
-1.645,0.0699615900192,0.0141190546582,0.0708731094036
-1.64,0.0739516634212,0.0143846231295,0.0747637803161
-1.635,0.0783329615927,0.0146758312461,0.0790425046598
-1.63,0.083157258858,0.0150009631202,0.0837679514377
-1.625,0.0884852230126,0.0153661326876,0.0890045839039
-1.62,0.0943881440355,0.015776055855,0.0948252278518
-1.615,0.100950029793,0.0162348203645,0.101313998146
-1.61,0.108270134871,0.0167464758058,0.108569450451
-1.605,0.116465987795,0.0173154085532,0.116707997979
-1.6,0.125676967165,0.0179465117413,0.125867682657
-1.595,0.136068434731,0.0186451531675,0.13621235402
-1.59,0.147836338509,0.0194169222406,0.147936202398
-1.585,0.161212008972,0.0202671347323,0.161268397178
-1.58,0.176466514767,0.021200135451,0.176477243622
-1.575,0.193913309206,0.0222186176829,0.193872695818
-1.57,0.213906823845,0.0233234806566,0.213805077949
-1.565,0.236832962621,0.0245149909983,0.236656188424
-1.56,0.263085013723,0.0257957377136,0.262816250558
-1.555,0.293015626343,0.0271746831879,0.292636436636
-1.55,0.326853607659,0.0286700975613,0.326343314525
-1.545,0.364576984924,0.0303089801971,0.363902765824
-1.54,0.405747306866,0.0321224717968,0.40483480283
-1.535,0.449340045209,0.0341390401899,0.448017797428
-1.53,0.493645468142,0.036377844511,0.491583315979
-1.525,0.536330975402,0.0388439027071,0.533057758265
-1.52,0.574708159738,0.0415259669449,0.569862864296
-1.515,0.606154566324,0.0443977127748,0.600059310551
-1.51,0.628601574128,0.0474222246207,0.622914202039
-1.505,0.641037699473,0.0505583200913,0.638842182028
-1.5,0.643932675136,0.0537657996347,0.648700809157
-1.495,0.639330781879,0.0570076187821,0.65296098465
-1.49,0.630388629538,0.0602512440864,0.651391928608
-1.485,0.620471613486,0.0634735504643,0.643500819861
-1.48,0.612211763578,0.0666668709341,0.629384931098
-1.475,0.606867188178,0.0698351956779,0.610335306523
-1.47,0.604087112466,0.0729753484888,0.588752717436
-1.465,0.602070182659,0.0760574204783,0.567497797974
-1.46,0.598124577112,0.0790282985322,0.549145745028
-1.455,0.589596995885,0.08184491252,0.535500500746
-1.45,0.574908984047,0.0845127024377,0.527409472634
-1.445,0.55420890293,0.0870920419111,0.524735972517
-1.44,0.529274073356,0.0896586018171,0.526364271604
-1.435,0.502785295201,0.0922428055134,0.530238467471
-1.43,0.477468426763,0.0947934155873,0.533563726587
-1.425,0.455523278884,0.0971978234987,0.533325295262
-1.42,0.438436719488,0.0993558368691,0.52711543696
-1.415,0.427046413509,0.101262900509,0.513948048585
-1.41,0.42168039838,0.103042622789,0.494580932376
-1.405,0.422254891891,0.104899712175,0.471129956318
-1.4,0.428278345912,0.107019707486,0.44624802152
-1.395,0.438758584433,0.109471231456,0.422359769938
-1.39,0.452057091247,0.112156658661,0.401252649907
-1.385,0.465798058316,0.114834359736,0.384024556853
-1.38,0.477002914979,0.117214025342,0.371236711439
-1.375,0.482602772728,0.119094765463,0.363121123578
-1.37,0.480281333621,0.120478301659,0.359745023705
-1.365,0.469276433942,0.121587528483,0.361083858404
-1.36,0.450638397751,0.122777080939,0.366992403904
-1.355,0.426761474607,0.12438961063,0.377089064729
-1.35,0.400511193743,0.126626596124,0.390581713882
-1.345,0.3744551418,0.129471055242,0.406081780834
-1.34,0.350476709822,0.132671484663,0.421497835378
-1.335,0.329742963715,0.13579384773,0.434155353125
-1.33,0.312860510645,0.138348890486,0.441275293933
-1.325,0.300074397675,0.139973339337,0.440762404797
-1.32,0.291435333686,0.14059102873,0.431955318109
-1.315,0.286913892683,0.140461790503,0.415870281971
-1.31,0.286465085081,0.140087179234,0.394765799603
-1.305,0.290052421791,0.140034256214,0.371327128964
-1.3,0.29763749989,0.140769887262,0.347942829425
-1.295,0.30913468101,0.142554928179,0.326334371678
-1.29,0.324323428139,0.14539434991,0.307513438028
-1.285,0.342708254903,0.149024447077,0.291915799666
-1.28,0.363329297471,0.152938734082,0.279584508914
-1.275,0.38456945261,0.156479072035,0.270343975184
-1.27,0.404076221336,0.159011596614,0.26395215111
-1.265,0.418972892809,0.160149619961,0.260225068503
-1.26,0.42647318424,0.159916385725,0.259115115739
-1.255,0.424760260406,0.158745434162,0.260723835447
-1.25,0.413682017975,0.157319648602,0.26525320449
-1.245,0.394803446622,0.156352265451,0.272921755551
-1.24,0.370778514769,0.156415800818,0.283868023768
-1.235,0.344463339271,0.157853468669,0.298041761918
-1.23,0.318244166947,0.160747588707,0.315069436615
-1.225,0.293764722144,0.16490868301,0.334091837218
-1.22,0.271964980732,0.169873047545,0.353613152732
-1.215,0.253260601286,0.174930589757,0.371465168328
-1.21,0.237737906473,0.179226772111,0.385036330745
-1.205,0.225308903633,0.181966057202,0.391854183413
-1.2,0.21581636194,0.182672821149,0.390378730209
-1.195,0.209098017257,0.181382002485,0.380597308553
-1.19,0.205022755025,0.178636163632,0.364025885376
-1.185,0.203509367137,0.175289766054,0.343113692572
-1.18,0.204534865883,0.172246990219,0.320444818922
-1.175,0.20813599453,0.170264442011,0.298151224972
-1.17,0.214404690164,0.169862412587,0.277683688031
-1.165,0.223475493472,0.171311226832,0.25985063929
-1.16,0.235499837695,0.174638770294,0.244970243732
-1.155,0.25059861155,0.179623911485,0.233026934457
-1.15,0.268781059923,0.185772426802,0.223788908863
-1.145,0.289817719703,0.192306506371,0.216888516752
-1.14,0.313064308816,0.198226926519,0.21188985482
-1.135,0.337263240719,0.202502043833,0.208369183308
-1.13,0.360407837267,0.204367360396,0.206012336201
-1.125,0.379822814449,0.203605832024,0.204698971089
-1.12,0.392616898413,0.200634991848,0.204528857709
-1.115,0.39649319775,0.196339714661,0.205774882897
-1.11,0.390584562959,0.191766171729,0.208795056533
-1.105,0.375805766982,0.187854935889,0.213951670093
-1.1,0.354475361009,0.185308614001,0.221560919394
-1.095,0.329471264687,0.184577675197,0.231862642858
-1.09,0.303428601654,0.18589628167,0.244982487658
-1.085,0.278300659654,0.189307666468,0.26085950527
-1.08,0.255287238359,0.194650497907,0.279124741523
-1.075,0.234971908309,0.201509476896,0.298940504092
-1.07,0.217516749506,0.209161115581,0.318852312509
-1.065,0.202832891854,0.216573024372,0.336764841452
-1.06,0.190703610495,0.222529470455,0.350189200375
-1.055,0.180866199653,0.225917825632,0.356832175509
-1.05,0.173066366641,0.226096462154,0.355359826049
-1.045,0.167094448906,0.223148375528,0.345924185239
-1.04,0.162805430986,0.217851923845,0.33009882969
-1.035,0.160122458696,0.211390898862,0.310269507091
-1.03,0.159027955429,0.204994173488,0.288878909266
-1.025,0.159550976832,0.199684274603,0.267902848243
-1.02,0.161758178257,0.196186154237,0.248668100183
-1.015,0.165750520327,0.194946085123,0.231911833048
-1.01,0.171663517963,0.19618721905,0.217936216781
-1.005,0.17966713189,0.199949773221,0.206759406914
-1,0.189960906316,0.20609123754,0.198221917234
-0.995,0.202758977793,0.214242899513,0.192043737723
-0.99,0.218257394138,0.223739088491,0.187845407709
-0.985,0.236573127581,0.233563278063,0.185156335493
-0.98,0.257642093585,0.242386078884,0.183440383241
-0.975,0.281067170233,0.248772393672,0.182165502404
-0.97,0.305925862723,0.251560359983,0.180918870894
-0.965,0.330592061198,0.250267534432,0.179524938481
-0.96,0.352695260783,0.245285451088,0.178097918745
-0.955,0.369386767364,0.237727491745,0.176992330932
-0.95,0.378002447504,0.229034919725,0.17668469525
-0.945,0.376943077753,0.220581453569,0.177656899865
-0.94,0.36630459776,0.213443448494,0.180328533249
-0.935,0.347835984374,0.20834964126,0.185039847643
-0.93,0.324254632868,0.205736014939,0.192060487102
-0.925,0.298370536961,0.205827080327,0.201596632056
-0.92,0.272465029118,0.208695366608,0.213776219158
-0.915,0.248066219524,0.214278223496,0.228598009969
-0.91,0.226013060348,0.222346517008,0.245835209256
-0.905,0.206639605377,0.232430843943,0.264895110503
-0.9,0.189964127787,0.243728866811,0.284663643533
-0.895,0.175835203403,0.255048933596,0.303413724055
-0.89,0.164028410475,0.264878261208,0.318908763735
-0.885,0.154303731554,0.271653765393,0.32881852098
-0.88,0.146436441381,0.274206952608,0.331402337568
-0.875,0.14023186321,0.272183558728,0.32615401916
-0.87,0.13553109897,0.266174393884,0.314003470829
-0.865,0.13221215419,0.257467215555,0.296933546791
-0.86,0.130189029517,0.247596566042,0.277279168119
-0.855,0.129410177281,0.237957878566,0.25711752233
-0.85,0.129856998565,0.229622247987,0.237967571033
-0.845,0.131542596975,0.223323679491,0.220768078421
-0.84,0.134510681842,0.219526688875,0.205998038441
-0.835,0.138834258431,0.218503368843,0.193825992826
-0.83,0.144613564094,0.220387282174,0.184232465057
-0.825,0.151972714496,0.225192429466,0.177090048439
-0.82,0.161054891154,0.232791528456,0.17220307274
-0.815,0.172016612541,0.242851333002,0.169313988815
-0.81,0.185021778665,0.254733775512,0.168086372776
-0.805,0.200233331798,0.267397835594,0.168080579325
-0.8,0.217792060429,0.279377311716,0.168748659513
-0.795,0.237760867942,0.288936980128,0.16948221538
-0.79,0.260009681057,0.294463084229,0.169731631028
-0.785,0.28403323728,0.294985518569,0.169165718859
-0.78,0.308734556424,0.290555844977,0.167787127371
-0.775,0.33226691929,0.282227820175,0.165925586499
-0.77,0.352089260899,0.271653144143,0.164112856842
-0.765,0.365390771566,0.260557928182,0.162921008102
-0.76,0.369880176897,0.25036628644,0.162845891434
-0.755,0.364625005178,0.242058924363,0.164262734548
-0.75,0.350438231101,0.236205919013,0.167435110418
-0.745,0.329544706027,0.233076764682,0.172547305942
-0.74,0.304763552052,0.232760213369,0.179738146982
-0.735,0.278706777767,0.235259198188,0.189121617539
-0.73,0.253326910715,0.240539592974,0.200779671779
-0.725,0.229832206367,0.24851604442,0.214711544707
-0.72,0.208817163535,0.258969816846,0.230730287664
-0.715,0.190456332603,0.271414795658,0.248314183821
-0.71,0.174676547037,0.284953580708,0.266449306441
-0.705,0.161280618018,0.298197986866,0.283542850036
-0.7,0.150025256297,0.309359381136,0.297529664123
-0.695,0.140665343383,0.316594712709,0.306274546585
-0.69,0.1329765131,0.318560319779,0.308216476519
-0.685,0.126764964115,0.314920677077,0.302960444918
-0.68,0.121870343958,0.3064924107,0.291443600969
-0.675,0.118165241732,0.294924264618,0.275559563602
-0.67,0.115553317004,0.282135296935,0.257500510068
-0.665,0.11396717516,0.269834483872,0.239194705209
-0.66,0.113366570767,0.259288441594,0.222034554404
-0.655,0.113737227885,0.251309287017,0.206863131343
-0.65,0.115090408155,0.246353381799,0.194092658736
-0.645,0.117463267995,0.244638435145,0.183848591243
-0.64,0.120919979667,0.246231290279,0.176085978986
-0.635,0.125553508826,0.251092136567,0.170664223076
-0.63,0.131487799876,0.25907699151,0.167385112137
-0.625,0.138879858791,0.269905013871,0.166004348791
-0.62,0.147920746683,0.283095861491,0.166225265542
-0.615,0.158833662712,0.297881045803,0.167679640144
-0.61,0.171865902793,0.313106757402,0.169901327519
-0.605,0.187269312296,0.327189987439,0.172311721177
-0.6,0.205260837664,0.338243825592,0.174255828122
-0.595,0.22595148999,0.3444667747,0.175123429756
-0.59,0.249230752192,0.344721170027,0.174534073698
-0.585,0.274599967098,0.339001404597,0.172488741033
-0.58,0.300972916309,0.328472458912,0.169382482573
-0.575,0.326514850274,0.315045292215,0.165865888442
-0.57,0.34866263539,0.300774243016,0.162648408791
-0.565,0.364494995193,0.287400700992,0.160349820589
-0.56,0.371492878181,0.276169940928,0.159441337283
-0.555,0.368423728362,0.267860244678,0.160255960167
-0.55,0.355841155724,0.262905524193,0.163028281322
-0.545,0.335855759804,0.261522872777,0.167933306218
-0.54,0.311339243031,0.26380270354,0.175108163314
-0.535,0.285064504282,0.269748272541,0.184648881954
-0.53,0.25917262638,0.279262325935,0.196576604393
-0.525,0.235032711196,0.292081018181,0.210767733248
-0.52,0.213352248948,0.307659871533,0.226846423398
-0.515,0.194373869633,0.325033527956,0.244052995569
-0.51,0.178059329483,0.34270668244,0.261134702715
-0.505,0.164225283195,0.358678426445,0.276349866249
-0.5,0.152630463251,0.370714115185,0.287695606992
-0.495,0.143026086077,0.37689071849,0.293396425397
-0.49,0.135182140469,0.376238810843,0.292501809252
-0.485,0.128899291069,0.369131367681,0.285267335514
-0.48,0.12401287686,0.357156143762,0.273061486125
-0.475,0.120392973749,0.342551793063,0.257859315605
-0.47,0.117942817212,0.32755891896,0.241645046781
-0.465,0.116596853405,0.313992505185,0.226011799452
-0.46,0.116319088552,0.30311051539,0.212033393616
-0.455,0.117102069404,0.295682851613,0.200323332702
-0.45,0.118966637681,0.292133118762,0.191165099604
-0.445,0.121962481564,0.292668369798,0.184637276871
-0.44,0.126169400522,0.297359133822,0.180701623389
-0.435,0.131699052902,0.306158220677,0.1792480442
-0.43,0.138696704487,0.318855831027,0.180099837667
-0.425,0.147342048629,0.334972954339,0.182985078758
-0.42,0.157847389264,0.353608832015,0.187484122085
-0.415,0.170450182923,0.373293795466,0.192975306964
-0.41,0.185394929116,0.39195534119,0.198621393646
-0.405,0.202896637069,0.407143343602,0.203453325435
-0.4,0.223075153926,0.416592106032,0.206582255097
-0.395,0.24584871579,0.418969059497,0.207484364485
-0.39,0.270781576955,0.414413971215,0.206208459134
-0.385,0.296903822995,0.404508747147,0.203367891251
-0.38,0.322569673541,0.391699931587,0.199922591739
-0.375,0.345481804922,0.378554769174,0.19689490745
-0.37,0.36302349346,0.367229201051,0.195163926613
-0.365,0.372914645748,0.359268230313,0.195384892035
-0.36,0.373944133245,0.355643646552,0.197996760583
-0.355,0.366359145339,0.356878916567,0.203258232354
-0.35,0.351677553363,0.363152793414,0.211267294871
-0.345,0.332103692071,0.374329314309,0.221940520921
-0.34,0.309931018997,0.389902332764,0.234945938323
-0.335,0.287162253566,0.408876459777,0.249603409678
-0.33,0.26534775206,0.429651467767,0.264798672468
-0.325,0.245561201853,0.450034067837,0.278998174527
-0.32,0.228454048129,0.467523899794,0.290465853246
-0.315,0.214352562579,0.479923181797,0.297707378864
-0.31,0.203365946756,0.486077172524,0.299990478854
-0.305,0.19548001809,0.486340084779,0.297647944183
-0.3,0.190622703569,0.482447495509,0.29195436568
-0.295,0.188697374858,0.476852516575,0.284648251435
-0.29,0.189584016232,0.471889578056,0.27737340243
-0.285,0.193107762819,0.469108380685,0.271270711521
-0.28,0.198973518506,0.468900568756,0.26678206023
-0.275,0.206669701561,0.470389926409,0.263619922765
-0.27,0.215360500308,0.471569072815,0.260862540254
-0.265,0.223818207155,0.469739886613,0.257186679159
-0.26,0.230482502607,0.462280472142,0.251251091773
-0.255,0.23372700236,0.447542842543,0.242148434778
-0.25,0.232309434943,0.425454267316,0.22972634928
-0.245,0.225807625082,0.397469196303,0.214596910462
-0.24,0.214768607912,0.365933406688,0.197845816975
-0.235,0.200464425522,0.333282356479,0.180639118132
-0.23,0.184422859326,0.301474960586,0.163931895859
-0.225,0.168007610557,0.271788636882,0.148353270724
-0.22,0.152203354276,0.244877504238,0.134226203289
-0.215,0.137593487913,0.220940807375,0.121647053463
-0.21,0.124441626253,0.199896020137,0.110570630673
-0.205,0.11279800165,0.18151234082,0.100876892748
-0.2,0.102589975664,0.16549850497,0.0924152319836
-0.195,0.0936853912197,0.151554145848,0.0850305287828
-0.19,0.085931657592,0.139396522837,0.0785767637417
-0.185,0.0791774332569,0.128772244765,0.0729230063487
-0.18,0.073283255018,0.119460574923,0.0679551101449
-0.175,0.0681257201608,0.11127240547,0.0635751926365
-0.17,0.0635981870163,0.104047271514,0.0597001095018
-0.165,0.0596097638136,0.0976497005747,0.0562595859737
-0.16,0.0560835821384,0.0919655596299,0.0531943449556
-0.155,0.0529548844181,0.0868987054044,0.0504543890003
-0.15,0.0501691864801,0.0823680515009,0.0479974948599
-0.145,0.0476806282884,0.0783050680434,0.0457879290262
-0.14,0.0454505480094,0.0746516836152,0.0437953690702
-0.135,0.04344627596,0.0713585412175,0.0419940062538
-0.13,0.041640127838,0.068383556125,0.0403618028482
-0.125,0.0400085707378,0.0656907264041,0.0388798790289
-0.12,0.0385315351652,0.0632491525063,0.0375320070726
-0.115,0.0371918485168,0.0610322287262,0.036304193828
-0.11,0.0359747686728,0.0590169754364,0.0351843355481
-0.105,0.0348675996662,0.0571834864669,0.0341619319569
-0.1,0.0338593744607,0.0555144706682,0.0332278488086
-0.095,0.0329405925529,0.0539948705972,0.0323741201886
-0.09,0.0321030023858,0.0526115444706,0.0315937834465
-0.085,0.0313394204408,0.0513530001466,0.0308807409886
-0.08,0.030643580415,0.0502091720147,0.0302296442435
-0.075,0.030010007143,0.0491712333846,0.0296357959892
-0.07,0.029433910932,0.048231438348,0.029095067941
-0.065,0.0289110987972,0.0473829882021,0.0286038310709
-0.06,0.0284378997411,0.0466199184258,0.0281588965905
-0.055,0.0280111017523,0.0459370029274,0.0277574659079
-0.05,0.0276278986281,0.045329672878,0.0273970881686
-0.045,0.0272858450731,0.044793947923,0.027075624244
-0.04,0.0269828188087,0.0443263779618,0.0267912162297
-0.035,0.0267169886569,0.0439239940072,0.0265422616848
-0.03,0.0264867877554,0.0435842669048,0.0263273919817
-0.025,0.0262908912095,0.0433050729116,0.0261454542495
-0.02,0.0261281976236,0.0430846653241,0.0259954964908
-0.015,0.0259978140563,0.0429216514968,0.025876755533
-0.01,0.0258990440406,0.0428149747329,0.0257886475465
-0.005,0.0258313783852,0.0427639006413,0.0257307609214
0,0.0257944885446,0.0427680076593,0.0257028513485
0.005,0.0257882224072,0.0428271815342,0.0257048390023
0.01,0.0258126024034,0.0429416136425,0.0257368077641
0.015,0.0258678258954,0.0431118031093,0.0257990064738
0.02,0.0259542678554,0.0433385627713,0.025891852236
0.025,0.026072485895,0.0436230291109,0.0260159358558
0.03,0.0262232277627,0.0439666763743,0.0261720295217
0.035,0.0264074414829,0.044371335182,0.0263610969084
0.04,0.0266262883752,0.0448392160436,0.0265843059242
0.045,0.026881159266,0.0453729383054,0.0268430443947
0.05,0.0271736942871,0.0459755651979,0.0271389390467
0.055,0.0275058067557,0.0466506458049,0.0274738782436
0.06,0.0278797117449,0.0474022649671,0.0278500390247
0.065,0.0282979600954,0.0482351023555,0.0282699191251
0.07,0.0287634787871,0.049154502219,0.0287363747989
0.075,0.0292796187962,0.0501665556399,0.0292526654488
0.08,0.0298502118113,0.051278197527,0.029822506282
0.085,0.0304796374971,0.0524973210645,0.0304501304821
0.09,0.0311729033685,0.0538329129324,0.031140362712
0.095,0.031935739814,0.0552952133533,0.0318987061716
0.1,0.0327747133863,0.0568959059289,0.0327314459306
0.105,0.0336973622034,0.0586483433593,0.0336457718807
0.11,0.0347123581952,0.0605678165312,0.0346499254159
0.115,0.0358297020372,0.0626718761928,0.0357533749018
0.12,0.0370609579739,0.0649807185715,0.0369670261732
0.125,0.038419537393,0.0675176489261,0.0383034757459
0.13,0.0399210420209,0.070309640259,0.0397773162091
0.135,0.041583679976,0.0733880083366,0.0414055054156
0.14,0.0434287706362,0.0767892288519,0.043207813657
0.145,0.045481357213,0.0805559280199,0.0452073659924
0.15,0.0477709487638,0.0847380839799,0.0474313002005
0.155,0.0503324154223,0.0893944826294,0.0499115641877
0.16,0.0532070604848,0.094594476892,0.0526858794824
0.165,0.0564438880131,0.100420100746,0.0557988984441
0.17,0.0601010698845,0.106968584414,0.0593035795783
0.175,0.0642475829156,0.114355297028,0.0632627933682
0.18,0.0689649192485,0.122717093591,0.0677511421192
0.185,0.0743486450339,0.132215938635,0.0728569169496
0.19,0.080509349779,0.1430424759,0.0786839982739
0.195,0.0875721237463,0.155418838441,0.085353291358
0.2,0.0956730295941,0.169599331465,0.0930029104921
0.205,0.104949996963,0.185866505147,0.101785690962
0.21,0.115524144165,0.204518372287,0.111861610286
0.215,0.127466019727,0.225840010111,0.123381287993
0.22,0.140740809324,0.250049855518,0.136455120002
0.225,0.15513000568,0.277209270859,0.151101745886
0.23,0.17013934178,0.307087743857,0.167171957246
0.235,0.18492843055,0.338993648287,0.184254537236
0.24,0.198330600363,0.37162132029,0.201594028967
0.245,0.209040195093,0.403025765038,0.218084230882
0.25,0.215977933235,0.430872638133,0.232419056891
0.255,0.218699352359,0.45303303117,0.243433334267
0.26,0.217607926869,0.468353505074,0.250528925037
0.265,0.213826707054,0.477185516486,0.25395082056
0.27,0.208820853985,0.481303341096,0.254718863929
0.275,0.204007712579,0.483226566552,0.254243828903
0.28,0.200525874683,0.485325296516,0.253846106526
0.285,0.199183072883,0.489098027693,0.254384111283
0.29,0.200511913046,0.494785076547,0.256066359433
0.295,0.204855851338,0.501315038407,0.258431139564
0.3,0.212437110875,0.506579399941,0.260479560989
0.305,0.223384371763,0.50805722885,0.260970664972
0.31,0.237710520099,0.503697579902,0.258844101107
0.315,0.255234670271,0.492729405532,0.25362595914
0.32,0.275448342996,0.475975012329,0.245615655976
0.325,0.297345345734,0.45550775466,0.23575768815
0.33,0.319278613343,0.433916745304,0.225300894218
0.335,0.338966431378,0.413614139213,0.215451011524
0.34,0.353790711678,0.396451014808,0.207160456333
0.345,0.361419561001,0.383644718723,0.201073155458
0.35,0.36053279172,0.375881183059,0.197564116516
0.355,0.351240315798,0.373454291267,0.196804200549
0.36,0.334933920242,0.376357772614,0.198804206336
0.365,0.313718601908,0.384293141494,0.203416906115
0.37,0.289802587824,0.396587940173,0.210292558412
0.375,0.265099197874,0.41204711722,0.218799403804
0.38,0.241058550759,0.428806440109,0.227945811119
0.385,0.218646472352,0.444321702595,0.236375669468
0.39,0.198402926689,0.45566290662,0.242527373031
0.395,0.180539421299,0.460186872916,0.244994903231
0.4,0.165045005041,0.456387646815,0.24298243957
0.405,0.151778747365,0.444459123065,0.236603000272
0.41,0.140538426011,0.426188354222,0.226818418637
0.415,0.131105308833,0.404254528592,0.215062925571
0.42,0.123270069136,0.381388450561,0.202794340776
0.425,0.116845876054,0.359804405007,0.191192070769
0.43,0.111673683759,0.341014561659,0.181059418007
0.435,0.107623242333,0.325908685278,0.17286690615
0.44,0.104592058916,0.314936978719,0.166850017334
0.445,0.102503621226,0.308288803402,0.163104310787
0.45,0.101305613123,0.306022629471,0.161654279503
0.455,0.100968507907,0.308138441596,0.162491364841
0.46,0.101484733472,0.314595492175,0.165582771754
0.465,0.102868501285,0.325277283567,0.170852348399
0.47,0.105156335649,0.339901862361,0.178133181353
0.475,0.108408300095,0.357877457487,0.187093295933
0.48,0.11270986746,0.378120870575,0.197145744009
0.485,0.11817428859,0.398897563917,0.207375774682
0.49,0.124945137635,0.417802210242,0.216545548973
0.495,0.133198379632,0.432031321163,0.223247019521
0.5,0.14314270822,0.439017281108,0.226226220584
0.505,0.155015872557,0.437249418714,0.224783235663
0.51,0.169073037561,0.42685311448,0.219038351584
0.515,0.185560708573,0.40954163416,0.209887381029
0.52,0.204666496854,0.387966645405,0.198670294085
0.525,0.226432077884,0.364885391734,0.18676055506
0.53,0.250617528727,0.342565706523,0.175277381738
0.535,0.276517427847,0.32256885947,0.164984670413
0.54,0.302764170376,0.305810884815,0.156325369099
0.545,0.327217648796,0.292741508023,0.149511960239
0.55,0.347105453265,0.283528346164,0.144618387815
0.555,0.359555906582,0.278198136778,0.141650314357
0.56,0.362457981133,0.276726389661,0.140589915879
0.565,0.355257184712,0.279082021819,0.141418704315
0.57,0.339184724908,0.285235105551,0.144122448024
0.575,0.316757815107,0.295132469301,0.148680310856
0.58,0.290895368263,0.308641951352,0.155038008369
0.585,0.264157580052,0.325463140281,0.163063073699
0.59,0.238375623686,0.345001746976,0.172480410742
0.595,0.214631421574,0.366213035863,0.182791747322
0.6,0.19341851384,0.387453204656,0.193200322012
0.605,0.174841354109,0.406445133993,0.202594576786
0.61,0.158781767348,0.420521588834,0.209669665558
0.615,0.145014353885,0.427239849122,0.213229902421
0.62,0.133277294728,0.425199462293,0.212588265551
0.625,0.123311517158,0.414615335547,0.207845285919
0.63,0.114879895809,0.397251049616,0.199856467678
0.635,0.107774869833,0.375755568565,0.189910021564
0.64,0.101819840102,0.352838251583,0.179326169621
0.645,0.0968675383194,0.330697012963,0.169179172694
0.65,0.0927971634519,0.310822355631,0.160201443743
0.655,0.0895112418888,0.294068554859,0.152816841925
0.66,0.0869326877652,0.280832164933,0.147225445549
0.665,0.0850022770387,0.271230636888,0.143487693559
0.67,0.083676612173,0.265237694012,0.141587095168
0.675,0.082926588366,0.262771224663,0.141470443406
0.68,0.0827363447752,0.263745108327,0.143073098218
0.685,0.0831026763274,0.268097874864,0.146337956649
0.69,0.0840348822646,0.275803795587,0.151231117847
0.695,0.0855550291235,0.286859203762,0.157746197517
0.7,0.087698602034,0.30122575108,0.165879918688
0.705,0.0905155019228,0.318713047357,0.1755643154
0.71,0.0940713081606,0.338799836333,0.186557136254
0.715,0.0984486551121,0.360423923578,0.198314000275
0.72,0.103748457593,0.381819189811,0.209891024431
0.725,0.110090570203,0.400537722,0.219955216731
0.73,0.117613329207,0.413811940695,0.226986364116
0.735,0.12647144001,0.419283365776,0.229682899633
0.74,0.136832060957,0.415834521323,0.227424648373
0.745,0.148869781828,0.404041978253,0.220525384233
0.75,0.162761767704,0.385938765224,0.210102784785
0.755,0.178682243124,0.364254818999,0.197659287023
0.76,0.19678767164,0.341612220436,0.184637747299
0.765,0.217171770647,0.320034678724,0.172150832934
0.77,0.2397633916,0.300824947536,0.160913736897
0.775,0.264154006389,0.28467490393,0.151305001809
0.78,0.289379629898,0.271857675506,0.143471533941
0.785,0.313739970079,0.262412241407,0.137427893303
0.79,0.334801810476,0.256285941994,0.133131368401
0.795,0.349751887102,0.25342729067,0.130530468419
0.8,0.356137369371,0.253831723456,0.129590213611
0.805,0.352735344074,0.257548967711,0.130299452972
0.81,0.34005447288,0.264663027729,0.132665222722
0.815,0.320126379452,0.275250591308,0.136696469432
0.82,0.295736984635,0.289313618331,0.142375404886
0.825,0.269586481758,0.306674541369,0.14961191554
0.83,0.243763824664,0.326825265926,0.158177655058
0.835,0.21960497788,0.348742083665,0.167625285568
0.84,0.197797975343,0.370726037132,0.177218574532
0.845,0.178574201355,0.390395359154,0.185927834416
0.85,0.161888135098,0.404990234897,0.192559631598
0.855,0.147550241644,0.412048727722,0.196046038502
0.86,0.135312309442,0.41023824622,0.19580066949
0.865,0.124916678013,0.399878314213,0.191942201475
0.87,0.116121711393,0.38279855186,0.185233579549
0.875,0.108713039211,0.361634835552,0.176783331726
0.88,0.102506900087,0.339020170957,0.167706238513
0.885,0.0973494484423,0.317058601765,0.158907454585
0.89,0.0931142256771,0.297167910441,0.151020892699
0.895,0.0896989613832,0.280165650947,0.144443770295
0.9,0.0870222456013,0.266443609664,0.139402673455
0.905,0.0850202348577,0.256136438068,0.136016580732
0.91,0.083643319936,0.249250249855,0.134346639357
0.915,0.0828525522379,0.245748521729,0.134432081382
0.92,0.0826156351608,0.245602810202,0.136313477693
0.925,0.08290257046,0.248815953717,0.140044157163
0.93,0.0836817995345,0.255421812478,0.145689488937
0.935,0.0849189033785,0.265460653865,0.153311820576
0.94,0.0865808931128,0.278924176776,0.162936423456
0.945,0.0886480467892,0.295660606827,0.174491937679
0.95,0.0911307482267,0.315232435208,0.187720315299
0.955,0.0940833170872,0.336735402145,0.202061492184
0.96,0.0976067184809,0.358627478418,0.216543688949
0.965,0.101839619838,0.378679819199,0.229750936627
0.97,0.10694536648,0.394207027181,0.239969133049
0.975,0.113103162572,0.402667771183,0.245570219572
0.98,0.1205063353,0.402485167604,0.245539082055
0.985,0.129365341732,0.39366085923,0.239869766078
0.99,0.139911064762,0.377775000415,0.229567888839
0.995,0.152393636459,0.357371269764,0.216257218795
1,0.16707144374,0.335134670917,0.201651789719
1.005,0.18418310896,0.313290001437,0.187168726376
1.01,0.203892290894,0.293372264481,0.17377946754
1.015,0.226192752399,0.276276909237,0.162040476567
1.02,0.250763607971,0.262431393165,0.152201621005
1.025,0.276780637282,0.251975762738,0.144320003004
1.03,0.302730493596,0.244903822758,0.138348205472
1.035,0.326341890292,0.241156955869,0.13419237447
1.04,0.344802374528,0.24067898228,0.131746796022
1.045,0.355372683167,0.243442787892,0.130913882029
1.05,0.356263673397,0.249455374238,0.131615825055
1.055,0.347333688332,0.258741042561,0.133798224437
1.06,0.330148214873,0.27129505588,0.137419321946
1.065,0.307359298548,0.286995978596,0.142416169726
1.07,0.281821500781,0.305468478932,0.148644337759
1.075,0.255917572328,0.325904939165,0.155798778023
1.08,0.231281018459,0.346891184955,0.163338431676
1.085,0.208829749335,0.366340406006,0.170457110411
1.09,0.188940652575,0.38168676027,0.176158804256
1.095,0.171639992941,0.390438571128,0.179474580502
1.1,0.156754702882,0.390968634675,0.179772109811
1.105,0.14401619847,0.383142718777,0.177001959853
1.11,0.133127689871,0.368373241419,0.171719772326
1.115,0.123807811364,0.349060104864,0.164869580393
1.12,0.115817262719,0.327795139299,0.157474868528
1.125,0.108969437309,0.306757648667,0.150403813392
1.13,0.103126363087,0.287470182704,0.14427460459
1.135,0.0981859195778,0.270836172782,0.139470522466
1.14,0.0940684253352,0.25730381916,0.136204451033
1.145,0.0907076966173,0.247041567555,0.134588297752
1.15,0.0880471582841,0.240075092567,0.134687587405
1.155,0.0860391684317,0.236377919241,0.136557608591
1.16,0.0846456325539,0.235923951262,0.140263558668
1.165,0.0838388124778,0.238711206371,0.145887245288
1.17,0.0836019681381,0.244761579261,0.153520580206
1.175,0.0839298515971,0.254095934329,0.163243059856
1.18,0.0848291984271,0.266678800171,0.175077525054
1.185,0.0863193678301,0.282324038044,0.188917132192
1.19,0.0884332519816,0.300556270293,0.204419935869
1.195,0.0912185399403,0.320440625691,0.220881649747
1.2,0.0947393873778,0.340434431535,0.23712812176
1.205,0.0990785021497,0.358374112299,0.251512718337
1.21,0.104339590969,0.371742800355,0.262126260103
1.215,0.110649999563,0.378277780069,0.267261378897
1.22,0.118163183109,0.376731626712,0.265989169958
1.225,0.127060320024,0.367367632605,0.258531129299
1.23,0.137549876988,0.351852482775,0.246172397606
1.235,0.149863185625,0.332621385345,0.230774950254
1.24,0.164243007669,0.312126462459,0.214203748851
1.245,0.180920416702,0.29233402922,0.197943827466
1.25,0.200072644334,0.274564551196,0.182978995655
1.255,0.22175060476,0.259568333343,0.169849967313
1.26,0.245761901583,0.247692864117,0.158781661041
1.265,0.271501748773,0.239048238341,0.149808261722
1.27,0.297755060638,0.23363317558,0.14286791796
1.275,0.322556623477,0.231416329595,0.137864066697
1.28,0.343268948748,0.232379245561,0.134699593889
1.285,0.357037574666,0.236528465304,0.133290957947
1.29,0.361606444254,0.243880864196,0.133567120063
1.295,0.356153368453,0.254420833926,0.135455002957
1.3,0.341634497296,0.268022840503,0.13885058279
1.305,0.320396300899,0.284332422189,0.143574184375
1.31,0.295326896274,0.302609878919,0.149312582547
1.315,0.269056955656,0.321572814997,0.1555621859
1.32,0.243527205837,0.339328078334,0.161606957371
1.325,0.219922823955,0.353530925111,0.166580398184
1.33,0.19881489354,0.361870746084,0.169644766991
1.335,0.180357708427,0.362788234743,0.170249706864
1.34,0.164460202425,0.356071494735,0.16834230676
1.345,0.15090697763,0.342943176229,0.164391995299
1.35,0.139433095003,0.325576468964,0.159212083656
1.355,0.129765792848,0.306367564549,0.153697482219
1.36,0.121646363994,0.28736284008,0.148620721833
1.365,0.114842439935,0.270012585648,0.144546257988
1.37,0.109156670942,0.255190570724,0.141840122102
1.375,0.104432892969,0.243339333774,0.140724178204
1.38,0.100557451191,0.234633571199,0.141336199046
1.385,0.097454007023,0.229111035187,0.143777353465
1.39,0.095073918739,0.226759080183,0.148142219399
1.395,0.0933866899051,0.227561570467,0.154531781867
1.4,0.0923737318469,0.231513576408,0.163050087278
1.405,0.0920258727515,0.23860753664,0.173783014404
1.41,0.092343328778,0.248788980867,0.186754689977
1.415,0.0933366944185,0.261875828207,0.201854878195
1.42,0.0950280499541,0.277436931457,0.218732129672
1.425,0.0974518275228,0.294640123617,0.236659446211
1.43,0.100655468604,0.312115962029,0.254411581797
1.435,0.104700278038,0.327937429604,0.270245098993
1.44,0.10966334674,0.33984772695,0.282105504557
1.445,0.115641775676,0.345795373694,0.288119864635
1.45,0.122759981991,0.344618003027,0.287229537956
1.455,0.131178867023,0.336501390223,0.279615661763
1.46,0.141102706198,0.322902916597,0.26662727086
1.465,0.152778204015,0.305993906322,0.250261986632
1.47,0.166481529332,0.287984421984,0.232537636387
1.475,0.182490600247,0.270663967343,0.215065810876
1.48,0.201037792467,0.255249804079,0.198913484949
1.485,0.222233258393,0.242450203776,0.184666112358
1.49,0.245946272292,0.232612469499,0.172568782406
1.495,0.271638861854,0.225869513594,0.1626623756
1.5,0.298172081714,0.222249770336,0.15488184143
1.505,0.323658883136,0.221745051862,0.149115896494
1.51,0.345506583126,0.224341230623,0.14523939774
1.515,0.360811717158,0.230016141729,0.143128207061
1.52,0.367132395934,0.238704668889,0.142659615911
1.525,0.363355861682,0.250227025244,0.143695776389
1.53,0.350154233946,0.264177258859,0.146047511582
1.535,0.32971102074,0.279781895128,0.149423028285
1.54,0.30490932425,0.295771243333,0.153379266464
1.545,0.278487223829,0.310355666848,0.157309504409
1.55,0.252531955812,0.321429893171,0.160508718588
1.555,0.228360753661,0.327064209564,0.162335388294
1.56,0.206640622058,0.326141689081,0.162422327088
1.565,0.187586038183,0.318796923211,0.160822415779
1.57,0.171140128996,0.306360322962,0.157991532316
1.575,0.157106929153,0.290847636228,0.15462172565
1.58,0.145235613738,0.274329117358,0.151434833949
1.585,0.135268777154,0.258493772408,0.149040470623
1.59,0.126967265798,0.244500627224,0.147888637546
1.595,0.120121065878,0.233033444042,0.148289294736
1.6,0.114552526152,0.224437009344,0.150458381114
1.605,0.110115738237,0.218852955399,0.154562524042
1.61,0.10669426945,0.216320646168,0.160749711703
1.615,0.104198447231,0.216836580978,0.169161395407
1.62,0.102562817354,0.220375277911,0.179923150399
1.625,0.101744079289,0.226874093483,0.193109030317
1.63,0.101719634791,0.236180911244,0.208672156784
1.635,0.102486803875,0.247962675234,0.226334953337
1.64,0.104062725764,0.261580899647,0.24544356778
1.645,0.10648494611,0.275965326822,0.264821382084
1.65,0.109812677635,0.289560288317,0.282707884464
1.655,0.114128692212,0.300455705081,0.296913259506
1.66,0.119541735642,0.306781931434,0.305281028163
1.665,0.126189216991,0.307288832373,0.306365606954
1.67,0.134239654343,0.301822355167,0.299989678445
1.675,0.143893864252,0.291387496361,0.287317830792
1.68,0.155383017549,0.277752827133,0.270394081951
1.685,0.168960248627,0.2628640934,0.251455925156
1.69,0.184880284482,0.248386425591,0.23239835913
1.695,0.203358509181,0.235509930121,0.214545544117
1.7,0.224497641228,0.224967206168,0.198670263022
1.705,0.24816923834,0.217149115673,0.185128945607
1.71,0.273844623301,0.212231999418,0.174011893081
1.715,0.300396142074,0.210275030023,0.165262307338
1.72,0.325944530863,0.211276268037,0.15875385946
1.725,0.347898884201,0.215187563065,0.154331686729
1.73,0.363354512985,0.221889529604,0.151824576352
1.735,0.36987131236,0.231126497679,0.15103459493
1.74,0.366343729913,0.242404979473,0.151709661265
1.745,0.353452015331,0.254875695612,0.153508021238
1.75,0.333381861237,0.267253547207,0.155973023385
1.755,0.309010152059,0.277870135809,0.158548260274
1.76,0.283063630822,0.284952346925,0.160662379193
1.765,0.257618332489,0.287114344875,0.161879925966
1.77,0.233984054097,0.283857424821,0.162055042452
1.775,0.212825269884,0.275771602821,0.161393790813
1.78,0.19435836337,0.264297229827,0.160381458855
1.785,0.178531803113,0.251213069685,0.159626049396
1.79,0.165157502633,0.238157617105,0.159712287583
1.795,0.153994480643,0.226372089699,0.161123871282
1.8,0.144796899537,0.216663161576,0.164232766919
1.805,0.137338927294,0.209488001943,0.16932442388
1.81,0.131425861408,0.205069396655,0.176628521718
1.815,0.126897753077,0.203489512138,0.186336066819
1.82,0.123629335187,0.204743502199,0.198591794226
1.825,0.121528447382,0.208749361275,0.213453348174
1.83,0.120534166983,0.215314605031,0.230808922959
1.835,0.12061528262,0.224062882723,0.250249317277
1.84,0.121769425419,0.234333681889,0.270908017459
1.845,0.124022989495,0.245093245549,0.291323269954
1.85,0.127431853602,0.254931568695,0.309433839585
1.855,0.132082801886,0.262238286347,0.322848617987
1.86,0.138095377739,0.265590981698,0.329440452031
1.865,0.145623620848,0.264231495204,0.328073951991
1.87,0.154856631583,0.258363790689,0.319060563016
1.875,0.166016028408,0.24906989656,0.304030392696
1.88,0.179346908436,0.237903492071,0.285311769133
1.885,0.195096674601,0.226422529626,0.265217589366
1.89,0.213473021069,0.215883578772,0.245578699291
1.895,0.234569149106,0.207148404902,0.227602251975
1.9,0.258243465463,0.200731401505,0.2119476881
1.905,0.2839488053,0.196896106772,0.198882963727
1.91,0.310533336178,0.195740586532,0.188433380273
1.915,0.336091093506,0.197245087071,0.180488613658
1.92,0.35801064729,0.201274436022,0.174864064398
1.925,0.373385903114,0.207536394047,0.171324348408
1.93,0.379804087848,0.215505896848,0.169580297423
1.935,0.376211642795,0.224343653792,0.169274407974
1.94,0.363346019653,0.232868245705,0.169976432324
1.945,0.343433258167,0.239664930482,0.171216093028
1.95,0.319364332108,0.243384219322,0.172569970722
1.955,0.293859654623,0.243162234329,0.173783660552
1.96,0.268980767597,0.238948687821,0.174867304986
1.965,0.246024748737,0.231525948964,0.176101608857
1.97,0.225649937344,0.222205377841,0.177950154033
1.975,0.208074160171,0.212403955769,0.180936591909
1.98,0.193254212155,0.203325243337,0.18555088846
1.985,0.181016251134,0.195829263145,0.192207387741
1.99,0.171138839978,0.190446289913,0.201238415341
1.995,0.163400867702,0.187450223679,0.212893750382
2,0.157606766012,0.186928136477,0.227319931443
2.005,0.15359839128,0.188814618418,0.244500711889
2.01,0.151259750182,0.192881854006,0.264147886473
2.015,0.150518322675,0.198691392788,0.285547041864
2.02,0.151345113656,0.205531479508,0.307397097095
2.025,0.153754526884,0.212390217013,0.327739687365
2.03,0.157804460999,0.218037541952,0.344124893044
2.035,0.163596468351,0.221269372406,0.354121109523
2.04,0.17127520378,0.221269323439,0.356073232365
2.045,0.181025524334,0.21791220219,0.349739500076
2.05,0.193064253663,0.211812415786,0.336393920218
2.055,0.207621554634,0.204082494958,0.318321503899
2.06,0.224903942606,0.195964665417,0.298048606345
2.065,0.245027650714,0.188536424834,0.277731227584
2.07,0.267909294905,0.182577211198,0.258886709355
2.075,0.293105780271,0.178564079645,0.242406262147
2.08,0.319616950295,0.176722049085,0.228699319278
2.085,0.345713514514,0.177070141219,0.21785442103
2.09,0.368923720821,0.179434331126,0.209762715557
2.095,0.386350123598,0.183424631879,0.204193673002
2.1,0.395384550489,0.188397310511,0.200835035349
2.105,0.394599723971,0.193449335248,0.199319847707
2.11,0.38432458176,0.197509681015,0.19926688488
2.115,0.366512401389,0.199567522596,0.200351409128
2.12,0.343995633665,0.198985428117,0.202395395009
2.125,0.319609697589,0.195737994018,0.205434715028
2.13,0.295610077095,0.19041830807,0.209719932809
2.135,0.273488572195,0.184006872732,0.215648305517
2.14,0.2540621446,0.177555157814,0.223666796943
2.145,0.23766626086,0.171946635479,0.234186843614
2.15,0.224344469412,0.167793023009,0.24751982214
2.155,0.213992235755,0.165428645526,0.263813158229
2.16,0.206451705412,0.164938977131,0.282958854657
2.165,0.201568450147,0.166178764147,0.30445792371
2.17,0.199222946503,0.168767405655,0.327255323711
2.175,0.199346702598,0.172081148826,0.349614520391
2.18,0.201929389911,0.175288674387,0.369166186615
2.185,0.207020238648,0.17748249213,0.383280248164
2.19,0.214724347848,0.17791449353,0.389776736096
2.195,0.225192071958,0.176251099729,0.387707578624
2.2,0.238596838751,0.172699868555,0.377748414683
2.205,0.255093387049,0.167919739129,0.361928554211
2.21,0.274744931137,0.162775844532,0.342889150204
2.215,0.297406359387,0.158085862477,0.323128004211
2.22,0.322556951906,0.154460483141,0.304554957319
2.225,0.349100559453,0.152245675717,0.288390114196
2.23,0.375203923057,0.15152084487,0.27526829649
2.235,0.398315011338,0.152109820376,0.265407317903
2.24,0.41552997426,0.153593005097,0.258761540128
2.245,0.424349760673,0.155343539091,0.255141478241
2.25,0.42356267456,0.156628219744,0.254311240449
2.255,0.41374635669,0.156791629146,0.256077870092
2.26,0.397044081131,0.155472834624,0.260367586355
2.265,0.37637449075,0.152739811731,0.267262965862
2.27,0.354575376928,0.149051735486,0.276977170361
2.275,0.333872637058,0.145073294965,0.289767082286
2.28,0.315741654292,0.141454074929,0.305806800523
2.285,0.301019682507,0.138669917142,0.325037106872
2.29,0.290105188929,0.136948980902,0.346993093537
2.295,0.283144487511,0.136256156986,0.370622699007
2.3,0.280169135077,0.136310656262,0.394158321639
2.305,0.281181830633,0.136638865528,0.415173199442
2.31,0.28619941495,0.136682875566,0.430972871152
2.315,0.29526027581,0.135966417927,0.439335651236
2.32,0.308397556782,0.134264958389,0.439323872361
2.325,0.325573032591,0.131687362073,0.431689114259
2.33,0.346562686267,0.128614500101,0.41859154076
2.335,0.37078971804,0.125533841447,0.402831454697
2.34,0.397124054501,0.122863798577,0.387067667766
2.345,0.423719442467,0.120836146351,0.373357696214
2.35,0.448030101189,0.119451197896,0.363054338897
2.355,0.467175919945,0.118495344106,0.356920472621
2.36,0.478698451187,0.117615134033,0.35531716156
2.365,0.481445517112,0.116442344254,0.358378003397
2.37,0.476078036011,0.114737184828,0.366126654976
2.375,0.464851632721,0.112482606074,0.378510933933
2.38,0.450829083932,0.109872736174,0.395337517043
2.385,0.437022627636,0.107203408319,0.416114018071
2.39,0.425856662286,0.104732205997,0.439840266755
2.395,0.419015936074,0.102577249244,0.464836718898
2.4,0.417532325831,0.100687350679,0.488752448135
2.405,0.421936913036,0.098884157982,0.508911941729
2.41,0.432365471666,0.0969567163587,0.523038630091
2.415,0.448569218483,0.0947668342087,0.530105013138
2.42,0.469827938318,0.0923090258156,0.530823922649
2.425,0.494806141097,0.0896903503142,0.527440750784
2.43,0.521453791213,0.0870492159369,0.522964673541
2.435,0.547117996964,0.0844708207609,0.520308686204
2.44,0.569024057657,0.0819496465953,0.521708670101
2.445,0.58509850513,0.0794127064539,0.528480089333
2.45,0.594779267195,0.076779573607,0.540969755979
2.455,0.599293050805,0.0740145525487,0.558554764801
2.46,0.601160506066,0.0711361924486,0.579653037875
2.465,0.603202881072,0.0681863710581,0.601844720991
2.47,0.607555211061,0.0651930808447,0.622262905031
2.475,0.615011915913,0.0621583476303,0.638288802036
2.48,0.624768673745,0.059073378935,0.648283971481
2.485,0.634541921077,0.0559393182411,0.651875978533
2.49,0.641083682104,0.0527746212118,0.649525954872
2.495,0.641051597039,0.0496096311909,0.641663825009
2.5,0.631970129149,0.0464800606691,0.628046966924
2.505,0.612860329595,0.0434249726576,0.607832232139
2.51,0.584302244283,0.0404857400112,0.58030922141
2.515,0.548075297397,0.0377022318384,0.545738795799
2.52,0.506663190696,0.0351071399032,0.50566919578
2.525,0.462765725621,0.0327214706947,0.46254555517
2.53,0.41885675361,0.030553061112,0.418963152431
2.535,0.376861040677,0.0285980583679,0.377047476898
2.54,0.338023764823,0.0268441305062,0.338189679306
2.545,0.302962527939,0.0252740058206,0.303082770747
2.55,0.271821060333,0.023868420246,0.271899805697
2.555,0.244440628889,0.0226081490806,0.24448925671
2.56,0.220500994699,0.021475193024,0.220529932957
2.565,0.199617495606,0.0204533410947,0.199634291527
2.57,0.181399589526,0.0195283369263,0.18140915947
2.575,0.165481842012,0.018687821879,0.165487210233
2.58,0.151537521251,0.0179211694191,0.151540485628
2.585,0.139282216829,0.017219278987,0.13928382337
2.59,0.128472262342,0.0165743665408,0.128473110871
2.595,0.118900799136,0.0159797699784,0.118901229975
2.6,0.110393054447,0.0154297768207,0.110393258947
2.605,0.102801644454,0.0149194757529,0.10280172921
2.61,0.0960022770793,0.0144446307887,0.0960023008105
2.615,0.0898899927577,0.0140015756156,0.0898899873159
2.62,0.0843759600577,0.0135871253395,0.0843759423345
2.625,0.0793847862162,0.0131985029342,0.0793847648551
2.63,0.0748522803566,0.0128332779652,0.0748522595188
2.635,0.0707236026129,0.012489315493,0.0707235840757
2.64,0.0669517362252,0.0121647333855,0.0669517205413
2.645,0.0634962269486,0.011857866568,0.0634962140766
2.65,0.0603221422665,0.0115672369961,0.0603221319078
2.655,0.0573992107189,0.0112915283585,0.0573992024918
2.66,0.0547011086079,0.0110295646923,0.0547011021321
2.665,0.0522048672947,0.0107802922445,0.0522048622285
2.67,0.0498903792688,0.0105427640357,0.0498903753217
2.675,0.0477399852559,0.0103161266767,0.047739982189
2.68,0.0457381279639,0.010099609072,0.0457381255847
2.685,0.0438710607627,0.00989251270769,0.0438710589185
2.69,0.0421266017795,0.00969420327444,0.0421266003503
2.695,0.0404939256498,0.00950410341812,0.040493924542
2.7,0.0389633865868,0.00932168644798,0.0389633857274
2.705,0.0375263675789,0.00914647085852,0.0375263669118
2.71,0.0361751514556,0.00897801554631,0.036175150937
2.715,0.0349028103106,0.0088159156215,0.0349028099071
2.72,0.0337031103869,0.00865979873019,0.0337031100724
2.725,0.0325704300212,0.00850932181653,0.0325704297757
2.73,0.0314996886545,0.00836416826493,0.0314996884626
2.735,0.0304862852473,0.00822404537118,0.030486285097
2.74,0.0295260447091,0.00808868209944,0.0295260445912
2.745,0.0286151711789,0.00795782708809,0.0286151710863
2.75,0.0277502071769,0.0078312468728,0.0277502071039
2.755,0.026927997802,0.00770872429979,0.0269279977445
2.76,0.0261456592783,0.0075900571059,0.0261456592329
2.765,0.0254005512567,0.00747505664533,0.0254005512207
2.77,0.0246902523698,0.00736354674568,0.0246902523413
2.775,0.0240125386116,0.00725536267819,0.024012538589
2.78,0.0233653641743,0.00715035022908,0.0233653641563
2.785,0.0227468444284,0.00704836486054,0.022746844414
2.79,0.0221552407774,0.00694927095147,0.0221552407659
2.795,0.0215889471536,0.00685294110909,0.0215889471444
2.8,0.021046477955,0.00675925554403,0.0210464779477
2.805,0.0205264572507,0.00666810150187,0.0205264572448
2.81,0.0200276091029,0.0065793727455,0.0200276090982
2.815,0.0195487488771,0.00649296908284,0.0195487488733
2.82,0.0190887754249,0.00640879593556,0.0190887754218
2.825,0.0186466640414,0.00632676394437,0.0186466640389
2.83,0.0182214601103,0.00624678860768,0.0182214601082
2.835,0.0178122733606,0.00616878995002,0.017812273359
2.84,0.017418272669,0.00609269221759,0.0174182726677
2.845,0.0170386813478,0.00601842359832,0.0170386813467
2.85,0.0166727728693,0.0059459159641,0.0166727728684
2.855,0.0163198669787,0.00587510463326,0.0163198669779
2.86,0.0159793261567,0.00580592815132,0.0159793261561
2.865,0.0156505523964,0.00573832808851,0.015650552396
2.87,0.015332984262,0.00567224885246,0.0153329842616
2.875,0.0150260942014,0.00560763751485,0.0150260942011
2.88,0.0147293860892,0.00554444365069,0.014729386089
2.885,0.0144423929758,0.0054826191893,0.0144423929755
2.89,0.0141646750241,0.0054221182759,0.0141646750239
2.895,0.0138958176166,0.00536289714293,0.0138958176164
2.9,0.0136354296148,0.00530491399043,0.0136354296147
2.905,0.0133831417597,0.00524812887452,0.0133831417596
2.91,0.0131386051983,0.0051925036036,0.0131386051982
2.915,0.0129014901258,0.00513800164145,0.0129014901257
2.92,0.0126714845328,0.00508458801678,0.0126714845327
2.925,0.012448293049,0.0050322292387,0.012448293049
2.93,0.0122316358738,0.00498089321772,0.0122316358738
2.935,0.0120212477871,0.00493054919179,0.0120212477871
2.94,0.0118168772336,0.00488116765703,0.0118168772335
2.945,0.0116182854737,0.00483272030283,0.0116182854737
2.95,0.0114252457965,0.00478517995092,0.0114252457965
2.955,0.0112375427883,0.00473852049827,0.0112375427883
2.96,0.011054971654,0.00469271686336,0.011054971654
2.965,0.0108773375849,0.00464774493578,0.0108773375849
2.97,0.0107044551714,0.0046035815287,0.0107044551714
2.975,0.0105361478554,0.00456020433425,0.0105361478554
2.98,0.0103722474205,0.00451759188147,0.0103722474205
2.985,0.0102125935153,0.0044757234966,0.0102125935153
2.99,0.0100570332103,0.00443457926578,0.0100570332102
2.995,0.0099054205819,0.00439413999971,0.00990542058189
3,0.00975761632559,0.00435438720038,0.00975761632558
