energy,clean_center,impurity_site,neighbor_site
-3,0.00194143113295,0.000773841349014,0.00169100396424
-2.995,0.00195147750716,0.00077292060066,0.00169784504608
-2.99,0.00196161452806,0.000772145214735,0.00170476234057
-2.985,0.00197184351209,0.00077150810585,0.00171175517263
-2.98,0.00198216580749,0.000771002680178,0.00171882295934
-2.975,0.00199258279551,0.000770622796538,0.00172596520339
-2.97,0.00200309589182,0.000770362731029,0.00173318148719
-2.965,0.0020137065479,0.000770217144882,0.00174047146749
-2.96,0.00202441625256,0.000770181055176,0.00174783487059
-2.955,0.00203522653358,0.000770249808152,0.00175527148784
-2.95,0.00204613895942,0.000770419054853,0.00176278117175
-2.945,0.00205715514104,0.000770684728876,0.00177036383226
-2.94,0.00206827673384,0.000771043026021,0.00177801943354
-2.935,0.00207950543975,0.000771490385668,0.0017857479909
-2.93,0.00209084300944,0.000772023473704,0.00179354956815
-2.925,0.00210229124468,0.000772639166877,0.00180142427506
-2.92,0.00211385200089,0.00077333453842,0.00180937226518
-2.915,0.00212552718985,0.000774106844859,0.00181739373375
-2.91,0.00213731878259,0.00077495351387,0.0018254889159
-2.905,0.00214922881253,0.000775872133118,0.00183365808495
-2.9,0.00216125937883,0.000776860439968,0.00184190155092
-2.895,0.00217341265001,0.00077791631202,0.00185021965919
-2.89,0.0021856908678,0.000779037758371,0.00185861278921
-2.885,0.00219809635138,0.00078022291156,0.00186708135351
-2.88,0.00221063150186,0.000781470020138,0.00187562579664
-2.875,0.0022232988072,0.000782777441805,0.00188424659436
-2.87,0.00223610084749,0.000784143637072,0.00189294425285
-2.865,0.0022490403007,0.000785567163416,0.00190171930807
-2.86,0.00226211994888,0.000787046669873,0.0019105723252
-2.855,0.00227534268494,0.000788580892047,0.00191950389814
-2.85,0.00228871152003,0.000790168647507,0.00192851464912
-2.845,0.00230222959152,0.000791808831535,0.00193760522842
-2.84,0.00231590017177,0.000793500413202,0.00194677631408
-2.835,0.00232972667769,0.000795242431762,0.00195602861179
-2.83,0.0023437126812,0.000797033993328,0.00196536285479
-2.825,0.00235786192071,0.000798874267818,0.00197477980387
-2.82,0.00237217831368,0.000800762486157,0.0019842802474
-2.815,0.00238666597049,0.000802697937724,0.00199386500154
-2.81,0.00240132920964,0.000804679968023,0.00200353491038
-2.805,0.0024161725746,0.000806707976569,0.00201329084626
-2.8,0.00243120085234,0.000808781414991,0.00202313371017
-2.795,0.0024464190939,0.00081089978533,0.00203306443214
-2.79,0.00246183263715,0.000813062638532,0.00204308397182
-2.785,0.00247744713212,0.000815269573137,0.00205319331912
-2.78,0.00249326856914,0.00081752023415,0.00206339349485
-2.775,0.0025093033102,0.000819814312101,0.00207368555165
-2.77,0.00252555812405,0.000822151542296,0.00208407057484
-2.765,0.00254204022541,0.000824531704248,0.00209454968351
-2.76,0.00255875731895,0.000826954621311,0.00210512403166
-2.755,0.00257571764877,0.000829420160506,0.00211579480959
-2.75,0.00259293005407,0.00083192823256,0.00212656324528
-2.745,0.00261040403198,0.000834478792158,0.00213743060613
-2.74,0.00262814980871,0.000837071838433,0.00214839820073
-2.735,0.00264617842013,0.000839707415701,0.00215946738093
-2.73,0.00266450180343,0.000842385614464,0.00217063954414
-2.725,0.00268313290154,0.000845106572717,0.00218191613587
-2.72,0.00270208578238,0.000847870477569,0.0021932986526
-2.715,0.00272137577547,0.000850677567227,0.002204788645
-2.71,0.00274101962882,0.000853528133388,0.00221638772149
-2.705,0.00276103568949,0.000856422524078,0.00222809755232
-2.7,0.00278144411226,0.000859361147007,0.00223991987411
-2.695,0.00280226710108,0.000862344473509,0.00225185649502
-2.69,0.00282352918975,0.000865373043153,0.00226390930057
-2.685,0.00284525756874,0.000868447469121,0.0022760802603
-2.68,0.00286748246726,0.000871568444491,0.00228837143526
-2.675,0.00289023760119,0.000874736749543,0.00230078498672
-2.67,0.00291356069991,0.000877953260294,0.002313323186
-2.665,0.00293749412806,0.000881218958447,0.00232598842586
-2.66,0.00296208562162,0.000884534943022,0.00233878323364
-2.655,0.00298738916246,0.000887902443973,0.00235171028644
-2.65,0.00301346602047,0.000891322838159,0.00236477242876
-2.645,0.00304038599987,0.000894797668131,0.00237797269315
-2.64,0.00306822893401,0.000898328664274,0.00239131432425
-2.635,0.00309708648358,0.000901917770996,0.00240480080716
-2.63,0.00312706430587,0.000905567177772,0.00241843590083
-2.625,0.00315828467712,0.000909279356067,0.00243222367755
-2.62,0.00319088966826,0.000913057103365,0.00244616856992
-2.615,0.00322504499379,0.000916903595822,0.00246027542676
-2.61,0.00326094467452,0.000920822451377,0.00247454957987
-2.605,0.00329881667394,0.000924817805551,0.00248899692406
-2.6,0.0033389296788,0.000928894402586,0.00250362401302
-2.595,0.00338160118535,0.000933057705033,0.00251843817438
-2.59,0.00342720700028,0.000937314025332,0.00253344764752
-2.585,0.00347619212881,0.000941670683158,0.00254866174795
-2.58,0.00352908272689,0.000946136192132,0.00256409106197
-2.575,0.00358649821312,0.000950720478464,0.00257974767397
-2.57,0.00364916155393,0.000955435131195,0.00259564542578
-2.565,0.00371790381736,0.000960293677617,0.0026118002008
-2.56,0.00379365584911,0.00096531186532,0.00262823021292
-2.555,0.00387741479134,0.000970507909946,0.00264495625657
-2.55,0.00397016582302,0.000975902628299,0.00266200183308
-2.545,0.00407273092713,0.000981519310769,0.00267939300134
-2.54,0.0041855113459,0.000987383085411,0.00269715769836
-2.535,0.00430810114445,0.000993519387206,0.00271532414338
-2.53,0.00443879957443,0.000999951001836,0.00273391781889
-2.525,0.00457416586838,0.00100669312111,0.00275295655428
-2.52,0.00470892751296,0.00101374621022,0.00277244372699
-2.515,0.00483663762988,0.00102108772522,0.0027923609993
-2.51,0.00495121703122,0.00102866622467,0.00281266452371
-2.505,0.00504880975153,0.00103640448721,0.00283329100982
-2.5,0.00512874640958,0.0010442186405,0.00285417883779
-2.495,0.00519274317755,0.00105205315213,0.00287530058315
-2.49,0.00524280223474,0.00105991709289,0.00289668989237
-2.485,0.0052793904604,0.00106789755691,0.00291844094465
-2.48,0.00530129338429,0.00107613563155,0.0029406722547
-2.475,0.00530727088921,0.00108477292745,0.00296346731842
-2.47,0.00529826737861,0.00109389003924,0.00298681389997
-2.465,0.00527850682257,0.00110345412609,0.0030105609711
-2.46,0.00525474712949,0.00111328511459,0.00303441067469
-2.455,0.00523439162807,0.00112305207976,0.00305796453088
-2.45,0.00522369584809,0.0011323185602,0.00308083233279
-2.445,0.00522675221181,0.0011406494583,0.0031027758706
-2.44,0.00524515979855,0.00114775880852,0.00312381942057
-2.435,0.00527797217207,0.00115363295115,0.0031442631178
-2.43,0.00532167342927,0.00115855589981,0.0031645953071
-2.425,0.00537028719304,0.00116302056985,0.00318536126024
-2.42,0.00541601980575,0.00116758442238,0.00320705437353
-2.415,0.00545082167387,0.00117274842367,0.00323005960257
-2.41,0.00546870663409,0.00117889801208,0.00325463955292
-2.405,0.00546782743186,0.00118629647143,0.00328093641724
-2.4,0.00545103667069,0.00119510091519,0.0033089655338
-2.395,0.00542455952187,0.00120537531914,0.00333858772703
-2.39,0.00539569700594,0.00121708708818,0.00336946268319
-2.385,0.00537087156341,0.00123008464136,0.00340100548608
-2.38,0.00535469101473,0.00124406265716,0.00343239068953
-2.375,0.00534992872289,0.00125852962497,0.00346265498739
-2.37,0.00535798963171,0.00127279826684,0.0034909106018
-2.365,0.00537947594704,0.00128602334919,0.00351659637195
-2.36,0.00541461191598,0.00129731364126,0.00353963507125
-2.355,0.00546341101077,0.0013059303241,0.00356041786002
-2.35,0.00552556438826,0.00131152598625,0.0035796583101
-2.345,0.00560009274811,0.00131430160475,0.0035982153182
-2.34,0.00568483488488,0.0013149652169,0.00361694570958
-2.335,0.00577589649355,0.00131450423528,0.00363660076812
-2.33,0.0058673137428,0.00131390926058,0.00365777068742
-2.325,0.00595135650442,0.00131398486726,0.00368087768684
-2.32,0.00601987646724,0.00131528808868,0.00370620546804
-2.315,0.00606659889275,0.00131815753295,0.00373394328527
-2.31,0.00608937588328,0.00132277813007,0.00376422505801
-2.305,0.00609100979421,0.00132924401308,0.00379715146576
-2.3,0.00607806591751,0.00133760345315,0.00383278855046
-2.295,0.00605849475622,0.00134788252293,0.00387113828358
-2.29,0.00603946141638,0.00136008898276,0.00391207747984
-2.285,0.00602619767966,0.00137419922354,0.00395526657522
-2.28,0.00602183595683,0.00139013289139,0.00400004584669
-2.275,0.00602778489821,0.00140772404625,0.00404536724709
-2.27,0.00604426167815,0.0014267022457,0.00408984245715
-2.265,0.0060708003347,0.00144669341103,0.00413197872588
-2.26,0.00610669999309,0.00146723003647,0.00417057280506
-2.255,0.00615140539903,0.00148773454662,0.00420507224126
-2.25,0.00620476952252,0.00150744963647,0.00423565989862
-2.245,0.00626712990736,0.00152536201784,0.00426300072507
-2.24,0.00633919112314,0.00154024729251,0.0042878623113
-2.235,0.0064217852342,0.00155094184117,0.0043108939971
-2.23,0.00651558834915,0.00155677804463,0.00433266150672
-2.225,0.00662080630737,0.00155792733258,0.00435379959254
-2.22,0.00673678383754,0.00155540124576,0.00437508535521
-2.215,0.00686150045516,0.00155070625213,0.00439736386982
-2.21,0.00699101768689,0.00154538703724,0.00442140590756
-2.205,0.00711913580876,0.00154069979645,0.00444780558173
-2.2,0.00723772705489,0.00153749611212,0.00447695955433
-2.195,0.00733819297499,0.00153626151662,0.00450910651363
-2.19,0.0074139400999,0.00153721844635,0.00454438830109
-2.185,0.00746281194678,0.00154043115816,0.00458290571709
-2.18,0.00748797466328,0.0015458864112,0.00462475758858
-2.175,0.00749663324264,0.00155354600077,0.00467006048352
-2.17,0.00749746937742,0.00156337573699,0.0047189484147
-2.165,0.00749831163299,0.00157535630939,0.00477154980919
-2.16,0.00750491579041,0.00158947947252,0.00482793556952
-2.155,0.00752080445299,0.00160573086379,0.00488803009371
-2.15,0.00754767657099,0.00162406040713,0.00495148156151
-2.145,0.00758594578501,0.00164434472223,0.00501750677398
-2.14,0.00763518124695,0.00166635495021,0.00508476696199
-2.135,0.00769440429049,0.00168975552601,0.00515138537747
-2.13,0.00776229787217,0.00171416199198,0.00521523414193
-2.125,0.00783742517317,0.00173925791437,0.00527451113682
-2.12,0.00791852527724,0.00176490963568,0.00532838572416
-2.115,0.00800485271387,0.00179117175799,0.00537730966249
-2.11,0.0080964167054,0.00181811379388,0.0054227313935
-2.105,0.00819397966785,0.00184551122447,0.00546635897152
-2.1,0.00829882278294,0.00187254396972,0.00550939792729
-2.095,0.00841243015795,0.00189767774394,0.00555213397258
-2.09,0.00853623991033,0.00191887533014,0.00559400186162
-2.085,0.00867149905176,0.00193417204992,0.00563407177981
-2.08,0.0088191608319,0.0019424220302,0.00567171061908
-2.075,0.00897972950687,0.00194381130338,0.00570706699021
-2.07,0.00915296923045,0.00193980809135,0.00574112231006
-2.065,0.0093374329063,0.00193260393135,0.00577534660628
-2.06,0.0095298506489,0.00192442323674,0.00581123707657
-2.055,0.00972458190726,0.00191705006899,0.00584999720638
-2.05,0.00991356783223,0.00191167050209,0.00589243306943
-2.045,0.0100873482583,0.00190893665397,0.00593900365806
-2.04,0.0102373802096,0.00190911863281,0.00598993194225
-2.035,0.0103589551184,0.00191225595012,0.00604531464258
-2.03,0.0104531123063,0.00191827305849,0.00610520589924
-2.025,0.0105262515694,0.00192705527097,0.00616967193911
-2.02,0.0105877206154,0.00193849322086,0.00623882157593
-2.015,0.0106469426424,0.00195250534393,0.00631281723226
-2.01,0.0107114847938,0.00196904522192,0.00639186764926
-2.005,0.0107864304938,0.00198809715528,0.00647619863239
-2,0.0108746469675,0.00200966018072,0.00656599306226
-1.995,0.0109773924387,0.00203371850928,0.0066612876094
-1.99,0.011094898519,0.00206019618477,0.00676181549527
-1.985,0.0112267799099,0.00208889813974,0.00686680137321
-1.98,0.011372253748,0.00211945221634,0.00697475838089
-1.975,0.0115302099142,0.00215128754182,0.00708341046796
-1.97,0.0116992057324,0.00218370174668,0.00718992353066
-1.965,0.0118774896357,0.00221605182673,0.00729156961497
-1.96,0.0120631743797,0.00224802499655,0.00738668011032
-1.955,0.0122546258286,0.00227984591796,0.00747540290821
-1.95,0.0124509725551,0.00231226587202,0.00755974831383
-1.945,0.0126524707399,0.0023463054692,0.00764285348428
-1.94,0.012860482155,0.00238286671734,0.00772790085959
-1.935,0.0130770823811,0.00242235393189,0.00781720097224
-1.93,0.0133045589641,0.00246437158336,0.00791165918544
-1.925,0.0135450549881,0.00250752599472,0.00801059186689
-1.92,0.0138004357345,0.00254940549593,0.00811184015581
-1.915,0.0140723071954,0.00258688803735,0.00821224050647
-1.91,0.014362073575,0.00261688235855,0.00830851945208
-1.905,0.0146709418753,0.00263734499443,0.0083984390229
-1.9,0.0149998084413,0.00264807821727,0.0084816810526
-1.895,0.0153489761426,0.00265080137078,0.00855994853839
-1.89,0.0157176660535,0.00264845618182,0.00863625111734
-1.885,0.0161033405607,0.00264421847766,0.00871387541671
-1.88,0.0165009938721,0.0026407469684,0.00879559989082
-1.875,0.0169028083624,0.00263987706643,0.00888337420625
-1.87,0.0172988016449,0.00264266262146,0.00897836266683
-1.865,0.0176789527683,0.00264957513089,0.00908115283784
-1.86,0.0180364527954,0.00266072058248,0.00919198319432
-1.855,0.0183705315093,0.00267601172896,0.00931092473854
-1.85,0.0186870443636,0.00269528445668,0.009438004631
-1.845,0.0189964057318,0.00271836818147,0.00957328193737
-1.84,0.0193102814272,0.00274512435427,0.00971688958618
-1.835,0.019638891256,0.00277546449284,0.00986905323579
-1.83,0.0199897872799,0.00280935488342,0.0100300922598
-1.825,0.0203678785417,0.00284681104099,0.0102004021896
-1.82,0.0207760643229,0.00288788148241,0.0103804118731
-1.815,0.0212159674075,0.00293261732082,0.010570502487
-1.81,0.0216885213446,0.00298102211037,0.010770871141
-1.805,0.0221943490018,0.003032977151,0.0109813248085
-1.8,0.0227339497846,0.00308814530692,0.0112010127323
-1.795,0.0233077322904,0.00314587704555,0.0114281635485
-1.79,0.0239159309437,0.00320517659333,0.0116599893006
-1.785,0.0245584593379,0.00326481411604,0.0118929971407
-1.78,0.0252347955285,0.00332364155379,0.0121238705726
-1.775,0.0259440522027,0.00338104407551,0.0123507305832
-1.77,0.0266853890044,0.00343730107238,0.0125741451941
-1.765,0.0274587729861,0.00349361908514,0.0127972251884
-1.76,0.0282657947814,0.00355180787912,0.0130247311865
-1.755,0.0291100627143,0.00361380363579,0.013261773168
-1.75,0.0299969157555,0.00368127000669,0.0135127642147
-1.745,0.0309326770103,0.00375535749124,0.0137808758694
-1.74,0.0319239258248,0.00383655858712,0.0140678456079
-1.735,0.0329771092994,0.00392455919599,0.014373874154
-1.73,0.0340985122324,0.00401804090629,0.0146974607976
-1.725,0.0352944375135,0.00411449720279,0.0150352336532
-1.72,0.0365714449158,0.00421025720693,0.0153820580923
-1.715,0.0379365549358,0.00430098127834,0.0157318255546
-1.71,0.0393973714238,0.00438274678393,0.0160791087451
-1.705,0.0409620931711,0.00445340887704,0.0164212180903
-1.7,0.0426393794869,0.00451350016921,0.0167595610894
-1.695,0.044438026702,0.00456606582553,0.0170994032062
-1.69,0.0463664298668,0.00461555482018,0.0174482133212
-1.685,0.0484318915713,0.00466649008851,0.0178136784329
-1.68,0.0506400473974,0.00472257082776,0.0182023676768
-1.675,0.0529949871095,0.00478638107771,0.0186193072574
-1.67,0.0555008342741,0.00485951895552,0.0190681884769
-1.665,0.0581651349,0.0049428910955,0.0195518263662
-1.66,0.0610031652461,0.0050370054076,0.0200726192267
-1.655,0.0640410383295,0.00514219641273,0.0206329110935
-1.65,0.0673158393159,0.00525877714749,0.0212352487656
-1.645,0.0708731094036,0.00538713419043,0.0218825589712
-1.64,0.0747637803161,0.00552778524348,0.0225782756247
-1.635,0.0790425046598,0.0056814144518,0.023326440792
-1.63,0.0837679514377,0.00584889515085,0.0241317946518
-1.625,0.0890045839039,0.00603130485035,0.0249998621387
-1.62,0.0948252278518,0.00622993311126,0.0259370371306
-1.615,0.101313998146,0.00644627916794,0.0269506583581
-1.61,0.108569450451,0.00668203260867,0.0280490647012
-1.605,0.116707997979,0.006939028208,0.0292416136133
-1.6,0.125867682657,0.00721916861967,0.0305386526896
-1.595,0.13621235402,0.00752432333868,0.031951466439
-1.59,0.147936202398,0.00785624828294,0.0334922976074
-1.585,0.161268397178,0.00821662654451,0.0351746624018
-1.58,0.176477243622,0.00860737030011,0.0370142612074
-1.575,0.193872695818,0.00903126175826,0.0390306469641
-1.57,0.213805077949,0.00949279023316,0.0412493268292
-1.565,0.236656188424,0.00999879072517,0.0437034097135
-1.56,0.262816250558,0.0105584970872,0.0464338907797
-1.555,0.292636436636,0.0111829645054,0.0494883352376
-1.55,0.326343314525,0.0118841387837,0.0529183187084
-1.545,0.363902765824,0.0126738131079,0.056775764587
-1.54,0.40483480283,0.0135624188988,0.061107538309
-1.535,0.448017797428,0.014557381792,0.065947145688
-1.53,0.491583315979,0.0156608593445,0.0713028861095
-1.525,0.533057758265,0.016867161191,0.0771440107492
-1.52,0.569862864296,0.0181610428794,0.0833907665989
-1.515,0.600059310551,0.019518989558,0.0899192754339
-1.51,0.622914202039,0.0209154004382,0.0965924247598
-1.505,0.638842182028,0.0223328479804,0.103315376786
-1.5,0.648700809157,0.0237710559944,0.110090168816
-1.495,0.65296098465,0.025247235064,0.117029088259
-1.49,0.651391928608,0.0267844817497,0.124303603057
-1.485,0.643500819861,0.0283920445902,0.13204392092
-1.48,0.629384931098,0.0300454650186,0.140229100893
-1.475,0.610335306523,0.0316753060859,0.148608329649
-1.47,0.588752717436,0.0331729542144,0.156688783205
-1.465,0.567497797974,0.0344188484529,0.163820661512
-1.46,0.549145745028,0.0353276775367,0.169384585572
-1.455,0.535500500746,0.0358900830121,0.173027247882
-1.45,0.527409472634,0.0361864783859,0.174833821448
-1.445,0.524735972517,0.0363651514688,0.175337697181
-1.44,0.526364271604,0.0365999956858,0.17536445331
-1.435,0.530238467471,0.0370511097979,0.175806973347
-1.43,0.533563726587,0.0378411837916,0.177443099307
-1.425,0.533325295262,0.0390462088207,0.1808429959
-1.42,0.52711543696,0.0406918648049,0.186345233227
-1.415,0.513948048585,0.0427477698973,0.194055362004
-1.41,0.494580932376,0.0451170703044,0.203832592001
-1.405,0.471129956318,0.0476262946558,0.215257151899
-1.4,0.44624802152,0.0500282739747,0.227599422774
-1.395,0.422359769938,0.0520340111929,0.23983196177
-1.39,0.401252649907,0.0533786304902,0.250722828339
-1.385,0.384024556853,0.0539005585461,0.259018012492
-1.38,0.371236711439,0.053592625005,0.26368431059
-1.375,0.363121123578,0.0525964406969,0.264162819202
-1.37,0.359745023705,0.051149841059,0.260557761854
-1.365,0.361083858404,0.049521466003,0.253658255824
-1.36,0.366992403904,0.0479596919706,0.244740067397
-1.355,0.377089064729,0.0466650734486,0.235230671151
-1.35,0.390581713882,0.0457839002663,0.22640585016
-1.345,0.406081780834,0.0454155985272,0.219231258343
-1.34,0.421497835378,0.0456254441167,0.214348785125
-1.335,0.434155353125,0.0464557123751,0.212143113134
-1.33,0.441275293933,0.0479313048027,0.212824638549
-1.325,0.440762404797,0.0500579195399,0.216491723795
-1.32,0.431955318109,0.0528115545937,0.223157937269
-1.315,0.415870281971,0.0561188924992,0.232742284896
-1.31,0.394765799603,0.0598309315971,0.245028295301
-1.305,0.371327128964,0.0636988394753,0.259608297624
-1.3,0.347942829425,0.0673705828911,0.275843657315
-1.295,0.326334371678,0.0704317133971,0.292878283163
-1.29,0.307513438028,0.0724989418575,0.309717657102
-1.285,0.291915799666,0.0733354124285,0.325324706036
-1.28,0.279584508914,0.0729214425598,0.338647156413
-1.275,0.270343975184,0.0714327160363,0.348564725029
-1.27,0.26395215111,0.0691471958382,0.353893831499
-1.265,0.260225068503,0.0663512205094,0.353621039527
-1.26,0.259115115739,0.0632951670498,0.3473356312
-1.255,0.260723835447,0.0601937467247,0.335571253066
-1.25,0.26525320449,0.0572368076436,0.319763463359
-1.245,0.272921755551,0.0545891166042,0.301828012893
-1.24,0.283868023768,0.0523820947348,0.283639006729
-1.235,0.298041761918,0.0507091651366,0.266676901337
-1.23,0.315069436615,0.0496298808506,0.251922957798
-1.225,0.334091837218,0.0491801598904,0.239925329841
-1.22,0.353613152732,0.0493835794734,0.230930500692
-1.215,0.371465168328,0.0502600772695,0.225009777199
-1.21,0.385036330745,0.0518302655124,0.222152522516
-1.205,0.391854183413,0.0541143960029,0.222322304492
-1.2,0.390378730209,0.0571248439637,0.225480666065
-1.195,0.380597308553,0.0608504311072,0.231583470764
-1.19,0.364025885376,0.0652309757388,0.240553088913
-1.185,0.343113692572,0.0701227585096,0.252230745115
-1.18,0.320444818922,0.0752623023051,0.266321053535
-1.175,0.298151224972,0.0802477691198,0.282356241017
-1.17,0.277683688031,0.0845685224477,0.299721808036
-1.165,0.25985063929,0.0877068854938,0.317772770425
-1.16,0.244970243732,0.0892945937347,0.336004889377
-1.155,0.233026934457,0.0892469878302,0.35415577885
-1.15,0.223788908863,0.0877839908153,0.372095669443
-1.145,0.216888516752,0.0853170189917,0.389493115307
-1.14,0.21188985482,0.0822752830827,0.405426074302
-1.135,0.208369183308,0.0789721320122,0.418208133385
-1.13,0.206012336201,0.0755652070067,0.425648233763
-1.125,0.204698971089,0.0721017257094,0.425756095133
-1.12,0.204528857709,0.0686014422623,0.417591487441
-1.115,0.205774882897,0.0651222201086,0.401752981838
-1.11,0.208795056533,0.0617763341329,0.380187987882
-1.105,0.213951670093,0.0587045542968,0.355485725846
-1.1,0.221560919394,0.0560388065093,0.330117695678
-1.095,0.231862642858,0.0538784986065,0.305976127165
-1.09,0.244982487658,0.0522863709265,0.284263462214
-1.085,0.26085950527,0.0512970209054,0.26560168889
-1.08,0.279124741523,0.0509294109307,0.250214471764
-1.075,0.298940504092,0.0511979987692,0.238094748163
-1.07,0.318852312509,0.0521204750159,0.229127281219
-1.065,0.336764841452,0.0537217802548,0.223166248725
-1.06,0.350189200375,0.0560343518398,0.22007797505
-1.055,0.356832175509,0.0590940148467,0.219758739037
-1.05,0.355359826049,0.0629300187328,0.222133982616
-1.045,0.345924185239,0.0675468180708,0.227141456033
-1.04,0.33009882969,0.0728950315698,0.234698609877
-1.035,0.310269507091,0.0788311466513,0.244655811918
-1.03,0.288878909266,0.0850724632025,0.256744445395
-1.025,0.267902848243,0.0911672061096,0.270544125793
-1.02,0.248668100183,0.0965150923875,0.285509843634
-1.015,0.231911833048,0.100473149433,0.301096188625
-1.01,0.217936216781,0.102541423793,0.316964897203
-1.005,0.206759406914,0.102550472362,0.333174852197
-1,0.198221917234,0.100734390142,0.3502099118
-0.995,0.192043737723,0.0976345632053,0.368772051467
-0.99,0.187845407709,0.0938955444233,0.389401783962
-0.985,0.185156335493,0.0900688298173,0.412058016718
-0.98,0.183440383241,0.0864986636798,0.435772181884
-0.975,0.182165502404,0.0832968149604,0.458478265993
-0.97,0.180918870894,0.0803823731433,0.477159709786
-0.965,0.179524938481,0.0775644716489,0.488455161102
-0.96,0.178097918745,0.0746474949478,0.489674366265
-0.955,0.176992330932,0.071525680474,0.47981188978
-0.95,0.17668469525,0.0682273108121,0.459958946348
-0.945,0.177656899865,0.0648927303668,0.432841801538
-0.94,0.180328533249,0.0617112946123,0.401819971583
-0.935,0.185039847643,0.0588601019628,0.369949103255
-0.93,0.192060487102,0.056470766234,0.33947830124
-0.925,0.201596632056,0.0546246828581,0.311778193617
-0.92,0.213776219158,0.0533643240392,0.287510334036
-0.915,0.228598009969,0.0527087091601,0.266860719294
-0.91,0.245835209256,0.0526666401491,0.249742390869
-0.905,0.264895110503,0.0532457800669,0.235938990247
-0.9,0.284663643533,0.0544579429676,0.225194281418
-0.895,0.303413724055,0.0563217220434,0.217262504597
-0.89,0.318908763735,0.0588634416162,0.211933590441
-0.885,0.32881852098,0.0621163922409,0.209042972174
-0.88,0.331402337568,0.0661162495388,0.208470899532
-0.875,0.32615401916,0.070888247014,0.210132062582
-0.87,0.314003470829,0.0764210472058,0.213954186665
-0.865,0.296933546791,0.0826250512953,0.219845060254
-0.86,0.277279168119,0.0892796843246,0.227651785121
-0.855,0.25711752233,0.0959859078412,0.237124816833
-0.85,0.237967571033,0.102156479288,0.247912097586
-0.845,0.220768078421,0.10708652655,0.259616391438
-0.84,0.205998038441,0.110125110002,0.271931368283
-0.835,0.193825992826,0.110899441876,0.284817054929
-0.83,0.184232465057,0.109471494262,0.298617485496
-0.825,0.177090048439,0.106321445687,0.314032749371
-0.82,0.17220307274,0.102168570483,0.331945476231
-0.815,0.169313988815,0.0977446144031,0.353179444881
-0.81,0.168086372776,0.0936298991255,0.378260228935
-0.805,0.168080579325,0.090184670256,0.40718725564
-0.8,0.168748659513,0.0875470594475,0.439193071482
-0.795,0.16948221538,0.0856583612439,0.472500528255
-0.79,0.169731631028,0.0842967787938,0.504186011207
-0.785,0.169165718859,0.0831251285887,0.53036460353
-0.78,0.167787127371,0.0817675943018,0.546906998876
-0.775,0.165925586499,0.0799146409289,0.550633207215
-0.77,0.164112856842,0.0774211039272,0.54047457138
-0.765,0.162921008102,0.0743452430329,0.517893194567
-0.76,0.162845891434,0.0709063936895,0.486270223104
-0.755,0.164262734548,0.06739267292,0.449688670498
-0.75,0.167435110418,0.0640738568173,0.411825742151
-0.745,0.172547305942,0.0611534794954,0.37537213978
-0.74,0.179738146982,0.0587607015551,0.341959326314
-0.735,0.189121617539,0.0569652238648,0.312367171837
-0.73,0.200779671779,0.0557989735099,0.286803851783
-0.725,0.214711544707,0.0552754807909,0.265147408636
-0.72,0.230730287664,0.0554040008945,0.247116697702
-0.715,0.248314183821,0.056198545287,0.232378027198
-0.71,0.266449306441,0.0576828592566,0.220605124727
-0.705,0.283542850036,0.05989211834,0.211509004027
-0.7,0.297529664123,0.06287137537,0.204849644129
-0.695,0.306274546585,0.066669824722,0.200436769912
-0.69,0.308216476519,0.0713288497179,0.198123441251
-0.685,0.302960444918,0.0768607917048,0.19779368672
-0.68,0.291443600969,0.0832151446926,0.199344108386
-0.675,0.275559563602,0.0902311820153,0.202659774552
-0.67,0.257500510068,0.0975838041507,0.207587973566
-0.665,0.239194705209,0.104744994172,0.213920463303
-0.66,0.222034554404,0.111002136326,0.221403474198
-0.655,0.206863131343,0.115576574362,0.229795463969
-0.65,0.194092658736,0.117841973889,0.238971840565
-0.645,0.183848591243,0.11755608557,0.249035466225
-0.64,0.176085978986,0.114967419986,0.260367306313
-0.635,0.170664223076,0.110722833644,0.273581215979
-0.63,0.167385112137,0.105640350381,0.289409641928
-0.625,0.166004348791,0.100484339722,0.308577485105
-0.62,0.166225265542,0.0958345180614,0.331695428315
-0.615,0.167679640144,0.0920534500798,0.35915875925
-0.61,0.169901327519,0.0893092416438,0.391012420519
-0.605,0.172311721177,0.087609972041,0.426747930868
-0.6,0.174255828122,0.0868270334839,0.465033291716
-0.595,0.175123429756,0.0867062637674,0.503450638135
-0.59,0.174534073698,0.0868830133479,0.538424978097
-0.585,0.172488741033,0.0869264713276,0.565605217894
-0.58,0.169382482573,0.0864294899737,0.580851610441
-0.575,0.165865888442,0.0851255324967,0.581585010146
-0.57,0.162648408791,0.0829747784515,0.567796217022
-0.565,0.160349820589,0.0801631576724,0.542041750863
-0.56,0.159441337283,0.0770145385696,0.508423260642
-0.555,0.160255960167,0.0738732300404,0.471221588675
-0.55,0.163028281322,0.0710169580022,0.433891065171
-0.545,0.167933306218,0.0686226489986,0.398669276992
-0.54,0.175108163314,0.0667744577955,0.366664185444
-0.535,0.184648881954,0.065494290297,0.338172377114
-0.53,0.196576604393,0.064778978517,0.313043388639
-0.525,0.210767733248,0.0646324168921,0.290981896267
-0.52,0.226846423398,0.0650839623839,0.271730766862
-0.515,0.244052995569,0.0661904040706,0.255128195471
-0.51,0.261134702715,0.0680264499496,0.241082002024
-0.505,0.276349866249,0.0706714664698,0.229521825455
-0.5,0.287695606992,0.0741963028359,0.220368060481
-0.495,0.293396425397,0.0786481725451,0.213524189289
-0.49,0.292501809252,0.0840282645677,0.208881924112
-0.485,0.285267335514,0.0902572352134,0.206327549174
-0.48,0.273061486125,0.09712854599,0.205743721982
-0.475,0.257859315605,0.104260652185,0.20700767163
-0.47,0.241645046781,0.11107672675,0.209992706254
-0.465,0.226011799452,0.11685568292,0.214583789277
-0.46,0.212033393616,0.120885859053,0.220715038325
-0.455,0.200323332702,0.122690710926,0.228422950182
-0.45,0.191165099604,0.12221419319,0.237890645758
-0.445,0.184637276871,0.119843146179,0.249455288274
-0.44,0.180701623389,0.116248966483,0.263572475322
-0.435,0.1792480442,0.112155963963,0.28075673361
-0.43,0.180099837667,0.108166138094,0.301519199006
-0.425,0.182985078758,0.104694616041,0.326303427461
-0.42,0.187484122085,0.101988496775,0.355398722673
-0.415,0.192975306964,0.100170443754,0.388801188524
-0.41,0.198621393646,0.0992629716137,0.426000349005
-0.405,0.203453325435,0.0991825421963,0.465700970516
-0.4,0.206582255097,0.0997201106455,0.50555875365
-0.395,0.207484364485,0.100537812117,0.54211238085
-0.39,0.206208459134,0.101211820366,0.571166722568
-0.385,0.203367891251,0.101334817274,0.588770576756
-0.38,0.199922591739,0.100651467658,0.592537005202
-0.375,0.19689490745,0.0991580841656,0.582612921839
-0.37,0.195163926613,0.0971029541405,0.56164839339
-0.365,0.195384892035,0.0948890215824,0.533780484943
-0.36,0.197996760583,0.0929436391578,0.503292937778
-0.355,0.203258232354,0.0916213932191,0.473627808336
-0.35,0.211267294871,0.0911623629741,0.446978733569
-0.345,0.221940520921,0.0916916919452,0.424320785724
-0.34,0.234945938323,0.0932386370961,0.40565029041
-0.335,0.249603409678,0.0957627778585,0.390304178598
-0.33,0.264798672468,0.0991838620364,0.377327583464
-0.325,0.278998174527,0.103409787706,0.365866838225
-0.32,0.290465853246,0.108347115782,0.355496263562
-0.315,0.297707378864,0.113876073064,0.346349082422
-0.31,0.299990478854,0.1197916464,0.339006952044
-0.305,0.297647944183,0.125745922072,0.334246116091
-0.3,0.29195436568,0.131246673728,0.332792372003
-0.295,0.284648251435,0.135748852032,0.335167615146
-0.29,0.27737340243,0.13881404719,0.341611789543
-0.285,0.271270711521,0.140242922601,0.35201553648
-0.28,0.26678206023,0.14008172542,0.365809160721
-0.275,0.263619922765,0.138498309503,0.381803141557
-0.27,0.260862540254,0.135630186909,0.398050003807
-0.265,0.257186679159,0.13151626484,0.41187705424
-0.26,0.251251091773,0.126140726757,0.420263608664
-0.255,0.242148434778,0.119536009452,0.420602795597
-0.25,0.22972634928,0.111869451802,0.411580928452
-0.245,0.214596910462,0.103462177004,0.39366898396
-0.24,0.197845816975,0.0947323352997,0.36888843882
-0.235,0.180639118132,0.0860988358403,0.340017580096
-0.23,0.163931895859,0.0778986111317,0.309738636594
-0.225,0.148353270724,0.0703490609992,0.280111319189
-0.22,0.134226203289,0.0635533480263,0.25243556202
-0.215,0.121647053463,0.0575283863811,0.227361316131
-0.21,0.110570630673,0.0522367909688,0.205082887265
-0.205,0.100876892748,0.0476129467728,0.185520100741
-0.2,0.0924152319836,0.0435807267332,0.168451561296
-0.195,0.0850305287828,0.0400640129707,0.153599810758
-0.19,0.0785767637417,0.0369921532544,0.140680131947
-0.185,0.0729230063487,0.0343022630084,0.129425510534
-0.18,0.0679551101449,0.0319397409978,0.119597348969
-0.175,0.0635751926365,0.0298578691664,0.110988299311
-0.17,0.0597001095018,0.0280170080297,0.103421094149
-0.165,0.0562595859737,0.0263836683937,0.0967455971294
-0.16,0.0531943449556,0.0249296022583,0.0908352754214
-0.155,0.0504543890003,0.0236309775906,0.0855837025553
-0.15,0.0479974948599,0.0224676595095,0.0809013684835
-0.145,0.0457879290262,0.0214225990431,0.0767128964171
-0.14,0.0437953690702,0.0204813207695,0.0729546762803
-0.135,0.0419940062538,0.0196314969492,0.0695728830989
-0.13,0.0403618028482,0.0188625951845,0.0665218327359
-0.125,0.0388798790289,0.0181655875231,0.0637626244716
-0.12,0.0375320070726,0.0175327103849,0.0612620231139
-0.115,0.036304193828,0.0169572662766,0.0589915389541
-0.11,0.0351843355481,0.0164334597607,0.0569266700925
-0.105,0.0341619319569,0.015956261473,0.0550462775675
-0.1,0.0332278488086,0.0155212951116,0.0533320689558
-0.095,0.0323741201886,0.0151247432659,0.0517681705788
-0.09,0.0315937834465,0.0147632687251,0.0503407721676
-0.085,0.0308807409886,0.0144339485382,0.0490378308923
-0.08,0.0302296442435,0.0141342186098,0.0478488241487
-0.075,0.0296357959892,0.0138618270271,0.0467645425002
-0.07,0.029095067941,0.0136147946498,0.0457769158041
-0.065,0.0286038310709,0.0133913817639,0.0448788668516
-0.06,0.0281588965905,0.0131900598186,0.044064187911
-0.055,0.0277574659079,0.0130094874421,0.0433274364132
-0.05,0.0273970881686,0.0128484900784,0.0426638467064
-0.045,0.027075624244,0.0127060427013,0.0420692553666
-0.04,0.0267912162297,0.0125812551609,0.0415400380036
-0.035,0.0265422616848,0.0124733597945,0.0410730558735
-0.03,0.0263273919817,0.0123817010014,0.0406656109134
-0.025,0.0261454542495,0.0123057265337,0.0403154080628
-0.02,0.0259954964908,0.0122449803026,0.0400205239491
-0.015,0.025876755533,0.0121990965355,0.0397793811843
-0.01,0.0257886475465,0.0121677951563,0.0395907276708
-0.005,0.0257307609214,0.0121508782867,0.0394536204403
0,0.0257028513485,0.0121482277931,0.0393674136611
0.005,0.0257048390023,0.0121598038273,0.0393317505428
0.01,0.0257368077641,0.0121856443301,0.0393465589632
0.015,0.0257990064738,0.0122258654865,0.0394120507198
0.02,0.025891852236,0.0122806631427,0.0395287243898
0.025,0.0260159358558,0.0123503152149,0.0396973718638
0.03,0.0261720295217,0.0124351851412,0.0399190886984
0.035,0.0263610969084,0.0125357264505,0.040195288519
0.04,0.0265843059242,0.0126524885479,0.0405277218008
0.045,0.0268430443947,0.0127861238466,0.0409184994585
0.05,0.0271389390467,0.0129373964049,0.0413701217992
0.055,0.0274738782436,0.0131071922694,0.0418855135287
0.06,0.0278500390247,0.0132965317698,0.0424680656704
0.065,0.0282699191251,0.0135065840622,0.0431216854482
0.07,0.0287363747989,0.0137386842855,0.0438508554241
0.075,0.0292526654488,0.0139943537737,0.0446607034623
0.08,0.029822506282,0.0142753238588,0.0455570854438
0.085,0.0304501304821,0.01458356392,0.0465466830746
0.09,0.031140362712,0.0149213144739,0.0476371196582
0.095,0.0318987061716,0.0152911262772,0.0488370973403
0.1,0.0327314459306,0.0156959066302,0.0501565601327
0.105,0.0336457718807,0.0161389743356,0.0516068880024
0.11,0.0346499254159,0.0166241250994,0.0532011285289
0.115,0.0357533749018,0.0171557095696,0.0549542741358
0.12,0.0369670261732,0.0177387267184,0.056883594761
0.125,0.0383034757459,0.0183789358979,0.0590090381041
0.13,0.0397773162091,0.0190829916719,0.0613537123704
0.135,0.0414055054156,0.0198586064708,0.0639444697636
0.14,0.043207813657,0.0207147472477,0.0668126129092
0.145,0.0452073659924,0.0216618736633,0.0699947508446
0.15,0.0474313002005,0.0227122268637,0.0735338359593
0.155,0.0499115641877,0.023880179584,0.0774804177123
0.16,0.0526858794824,0.0251826599264,0.0818941518105
0.165,0.0557988984441,0.0266396623422,0.0868456022942
0.17,0.0593035795783,0.0282748593052,0.0924183638652
0.175,0.0632627933682,0.0301163244379,0.0987115040592
0.18,0.0677511421192,0.0321973697144,0.105842263811
0.185,0.0728569169496,0.034557480962,0.113948833194
0.19,0.0786839982739,0.0372432987878,0.123192790188
0.195,0.085353291358,0.0403095220997,0.133760378972
0.2,0.0930029104921,0.0438194860344,0.145861096889
0.205,0.101785690962,0.0478449524001,0.1597209073
0.21,0.111861610286,0.0524643082639,0.175565665442
0.215,0.123381287993,0.057757868183,0.193588099264
0.22,0.136455120002,0.0637983592061,0.213889658672
0.225,0.151101745886,0.0706341813549,0.236389085912
0.23,0.167171957246,0.0782633529713,0.26069789807
0.235,0.184254537236,0.0865984331903,0.285987064638
0.24,0.201594028967,0.095428572763,0.31091309097
0.245,0.218084230882,0.104393838099,0.333716885626
0.25,0.232419056891,0.112994124729,0.352594515867
0.255,0.243433334267,0.120651347612,0.366295842155
0.26,0.250528925037,0.126824456548,0.374681540849
0.265,0.25395082056,0.131148715091,0.378888377557
0.27,0.254718863929,0.133545510803,0.380984656193
0.275,0.254243828903,0.13424306807,0.383347392745
0.28,0.253846106526,0.133685759982,0.388106914933
0.285,0.254384111283,0.132381604102,0.396834624615
0.29,0.256066359433,0.130775874442,0.410432254113
0.295,0.258431139564,0.129197275683,0.429088083564
0.3,0.260479560989,0.127849708499,0.45219219959
0.305,0.260970664972,0.126797672725,0.478188171708
0.31,0.258844101107,0.125933118798,0.504450790577
0.315,0.25362595914,0.124964020114,0.527392026316
0.32,0.245615655976,0.123477040952,0.543024319229
0.325,0.23575768815,0.121085486003,0.548014129836
0.33,0.225300894218,0.117603271471,0.540839401176
0.335,0.215451011524,0.113143380231,0.522373924416
0.34,0.207160456333,0.108079788172,0.495492289882
0.345,0.201073155458,0.102908486529,0.463967854664
0.35,0.197564116516,0.0981001259027,0.431336866162
0.355,0.196804200549,0.0940111333368,0.400209477819
0.36,0.198804206336,0.0908616131639,0.372081929417
0.365,0.203416906115,0.0887543301193,0.347460882573
0.37,0.210292558412,0.0877082176018,0.326112541217
0.375,0.218799403804,0.0876924717221,0.30734900556
0.38,0.227945811119,0.0886563372748,0.290331855237
0.385,0.236375669468,0.0905495653766,0.274362876942
0.39,0.242527373031,0.0933236992961,0.259083860636
0.395,0.244994903231,0.0969048130551,0.244509804702
0.4,0.24298243957,0.101139427546,0.230905569664
0.405,0.236603000272,0.105731991453,0.218604333021
0.41,0.226818418637,0.11020725672,0.207870104089
0.415,0.215062925571,0.113939175478,0.198844405703
0.42,0.202794340776,0.116275970244,0.191560896295
0.425,0.191192070769,0.11673976615,0.185992359708
0.43,0.181059418007,0.115205877459,0.182099262145
0.435,0.17286690615,0.111946808755,0.179861746265
0.44,0.166850017334,0.107509849407,0.179291535996
0.445,0.163104310787,0.102514095349,0.180431805261
0.45,0.161654279503,0.0974869382818,0.18335608885
0.455,0.162491364841,0.0927998513852,0.188172450415
0.46,0.165582771754,0.0886874289925,0.195032244285
0.465,0.170852348399,0.0852993870564,0.204138612403
0.47,0.178133181353,0.082743948155,0.215749618055
0.475,0.187093295933,0.081108157218,0.230172886195
0.48,0.197145744009,0.0804614200272,0.24774918523
0.485,0.207375774682,0.0808524847623,0.268819242964
0.49,0.216545548973,0.0823034838309,0.293662213375
0.495,0.223247019521,0.0847980876283,0.322388558193
0.5,0.226226220584,0.0882588572787,0.354769131717
0.505,0.224783235663,0.0925115571513,0.389994612927
0.51,0.219038351584,0.097241935023,0.42639982323
0.515,0.209887381029,0.101964463979,0.461267775829
0.52,0.198670294085,0.106038883608,0.490925228393
0.525,0.18676055506,0.108772086665,0.511352055445
0.53,0.175277381738,0.109604997579,0.519300487345
0.535,0.164984670413,0.108309967253,0.513477038911
0.54,0.156325369099,0.105079682753,0.495073701274
0.545,0.149511960239,0.100445002174,0.467272862616
0.55,0.144618387815,0.0950787370175,0.434066765833
0.555,0.141650314357,0.0896043238286,0.399103771873
0.56,0.140589915879,0.0844881176088,0.365034740645
0.565,0.141418704315,0.080019908661,0.333391798614
0.57,0.144122448024,0.076346412056,0.304795238913
0.575,0.148680310856,0.0735222981341,0.279280657185
0.58,0.155038008369,0.0715575136064,0.256613505405
0.585,0.163063073699,0.070451233878,0.236516696732
0.59,0.172480410742,0.0702097303501,0.218780475849
0.595,0.182791747322,0.070850242355,0.203271709226
0.6,0.193200322012,0.0723953094834,0.189894098838
0.605,0.202594576786,0.0748606963074,0.17854777425
0.61,0.209669665558,0.0782365558775,0.16910847882
0.615,0.213229902421,0.082459025383,0.161422607533
0.62,0.212588265551,0.0873705380373,0.15530716306
0.625,0.207845285919,0.0926737714579,0.150548077058
0.63,0.199856467678,0.0978977047241,0.146898512417
0.635,0.189910021564,0.102410835883,0.144086146826
0.64,0.179326169621,0.105519496528,0.141840491946
0.645,0.169179172694,0.106653212933,0.139942130321
0.65,0.160201443743,0.105565662631,0.138276136347
0.655,0.152816841925,0.1024323307,0.136858673277
0.66,0.147225445549,0.0977774666925,0.135818491333
0.665,0.143487693559,0.0922816117321,0.135346239683
0.67,0.141587095168,0.0865876659886,0.135642856881
0.675,0.141470443406,0.0811878616267,0.136889595453
0.68,0.143073098218,0.0763995979057,0.139242516614
0.685,0.146337956649,0.072395161991,0.142842426081
0.69,0.151231117847,0.0692485427977,0.14783032848
0.695,0.157746197517,0.0669780467289,0.154362399588
0.7,0.165879918688,0.0655774892884,0.162622064119
0.705,0.1755643154,0.0650361430293,0.172828420344
0.71,0.186557136254,0.0653499484507,0.185240211416
0.715,0.198314000275,0.0665262904041,0.20015329034
0.72,0.209891024431,0.0685835033321,0.2178872411
0.725,0.219955216731,0.0715448705268,0.238753457479
0.73,0.226986364116,0.0754254666311,0.262992706936
0.735,0.229682899633,0.0802090431439,0.290666323184
0.74,0.227424648373,0.0858121058972,0.321485881731
0.745,0.220525384233,0.0920352939718,0.354580946548
0.75,0.210102784785,0.098511104907,0.388247720627
0.755,0.197659287023,0.104673492092,0.419801069266
0.76,0.184637747299,0.109792022442,0.445735886265
0.765,0.172150832934,0.11310843239,0.462382343916
0.77,0.160913736897,0.114060223609,0.466985641212
0.775,0.151305001809,0.112491045265,0.458731403965
0.78,0.143471533941,0.108715961868,0.439078951384
0.785,0.137427893303,0.10339578175,0.411170889003
0.79,0.133131368401,0.0973072167383,0.378726431358
0.795,0.130530468419,0.0911418285181,0.34505924776
0.8,0.129590213611,0.0854057764722,0.312576846627
0.805,0.130299452972,0.0804119499229,0.28273059624
0.81,0.132665222722,0.0763207671825,0.256208800825
0.815,0.136696469432,0.0731918229069,0.233188556024
0.82,0.142375404886,0.0710272272217,0.213550455077
0.825,0.14961191554,0.0698018277569,0.197029502103
0.83,0.158177655058,0.06948226892,0.183309205208
0.835,0.167625285568,0.0700379515426,0.172074925184
0.84,0.177218574532,0.0714446459361,0.163039996337
0.845,0.185927834416,0.0736781621948,0.155952250059
0.85,0.192559631598,0.076694132643,0.150584352343
0.855,0.196046038502,0.0803925678943,0.14671087106
0.86,0.19580066949,0.0845720120421,0.144077484
0.865,0.191942201475,0.0888874850803,0.14237223793
0.87,0.185233579549,0.092838919132,0.141215093681
0.875,0.176783331726,0.0958249572447,0.140186066932
0.88,0.167706238513,0.0972803818288,0.138902408659
0.885,0.158907454585,0.0968602542554,0.137123336873
0.89,0.151020892699,0.0945735710237,0.134826030804
0.895,0.144443770295,0.0907774328131,0.132201374763
0.9,0.139402673455,0.0860362192496,0.12957200932
0.905,0.136016580732,0.0809390919873,0.127286599683
0.91,0.134346639357,0.0759694818286,0.12564440351
0.915,0.134432081382,0.0714573064055,0.124867812554
0.92,0.136313477693,0.0675919382577,0.125110003766
0.925,0.140044157163,0.0644607803329,0.126477163975
0.93,0.145689488937,0.062089168772,0.129051011869
0.935,0.153311820576,0.0604714255901,0.132905631396
0.94,0.162936423456,0.0595916531193,0.138118192171
0.945,0.174491937679,0.0594363852389,0.144776161132
0.95,0.187720315299,0.0600018136979,0.152985085442
0.955,0.202061492184,0.0612976765024,0.162880398697
0.96,0.216543688949,0.0633487268535,0.174642084684
0.965,0.229750936627,0.0661932614664,0.188502567535
0.97,0.239969133049,0.069876859476,0.204731420581
0.975,0.245570219572,0.0744386769982,0.223581845219
0.98,0.245539082055,0.0798873354486,0.245191113691
0.985,0.239869766078,0.0861636767802,0.269432493559
0.99,0.229567888839,0.093090016664,0.295722275323
0.995,0.216257218795,0.100313503286,0.32280982644
1,0.201651789719,0.107267500036,0.348636028671
1.005,0.187168726376,0.11319436853,0.370417886038
1.01,0.17377946754,0.117273941686,0.385123041135
1.015,0.162040476567,0.118854112075,0.390323395923
1.02,0.152201621005,0.117689732538,0.385082999631
1.025,0.144320003004,0.11404534717,0.370344417447
1.03,0.138348205472,0.108590043418,0.34854427413
1.035,0.13419237447,0.102157998181,0.322727609193
1.04,0.131746796022,0.0955194389711,0.295697391317
1.045,0.130913882029,0.0892546423265,0.269544320556
1.05,0.131615825055,0.0837332645904,0.24556705398
1.055,0.133798224437,0.0791540604413,0.224417048974
1.06,0.137419321946,0.0756013651629,0.20630674669
1.065,0.142416169726,0.073094172913,0.191192209602
1.07,0.148644337759,0.0716198569615,0.178902181645
1.075,0.155798778023,0.0711524948818,0.169216049348
1.08,0.163338431676,0.0716577586845,0.161902116728
1.085,0.170457110411,0.0730856401836,0.156726617942
1.09,0.176158804256,0.0753512431096,0.153440416363
1.095,0.179474580502,0.0783044079996,0.151748500549
1.1,0.179772109811,0.0816932144355,0.151270070468
1.105,0.177001959853,0.0851361216386,0.15150605362
1.11,0.171719772326,0.0881300517725,0.15184356702
1.115,0.164869580393,0.0901243205643,0.151629781527
1.12,0.157474868528,0.0906630754944,0.150319647115
1.125,0.150403813392,0.0895417368423,0.147641745989
1.13,0.14427460459,0.0868844319283,0.143683957504
1.135,0.139470522466,0.0830880916461,0.138838396403
1.14,0.136204451033,0.0786720934243,0.133643026461
1.145,0.134588297752,0.0741260902312,0.12861738015
1.15,0.134687587405,0.069821413735,0.124164276271
1.155,0.136557608591,0.0659928067767,0.120547575306
1.16,0.140263558668,0.0627631112936,0.117917975626
1.165,0.145887245288,0.0601815668115,0.11635507187
1.17,0.153520580206,0.0582580695932,0.115905711624
1.175,0.163243059856,0.056987063197,0.116611045455
1.18,0.175077525054,0.0563616179451,0.11852271569
1.185,0.188917132192,0.0563809431123,0.121711957432
1.19,0.204419935869,0.0570543745739,0.126275062702
1.195,0.220881649747,0.0584035064366,0.132336708671
1.2,0.23712812176,0.0604628600099,0.14005071641
1.205,0.251512718337,0.0632786224814,0.149596231842
1.21,0.262126260103,0.0669042799974,0.161165633489
1.215,0.267261378897,0.0713911338524,0.174938211745
1.22,0.265989169958,0.076770700471,0.191030923444
1.225,0.258531129299,0.0830252987209,0.209415594772
1.23,0.246172397606,0.0900440301252,0.229794531298
1.235,0.230774950254,0.0975664784597,0.25144102404
1.24,0.214203748851,0.105129121899,0.273047170575
1.245,0.197943827466,0.112049519555,0.292678419376
1.25,0.182978995655,0.11749805177,0.307976240338
1.255,0.169849967313,0.120686566807,0.316692866903
1.26,0.158781661041,0.12112705839,0.317426198679
1.265,0.149808261722,0.118826011463,0.310174209653
1.27,0.14286791796,0.114285394024,0.296341569845
1.275,0.137864066697,0.108309788802,0.278194365224
1.28,0.134699593889,0.101748297468,0.258126136603
1.285,0.133290957947,0.0953061391288,0.238118908433
1.29,0.133567120063,0.0894733436383,0.21953619075
1.295,0.135455002957,0.0845408059446,0.203165854074
1.3,0.13885058279,0.0806528378904,0.189369812843
1.305,0.143574184375,0.0778601163726,0.178238559287
1.31,0.149312582547,0.076157245427,0.169706176266
1.315,0.1555621859,0.0755015376541,0.16361738395
1.32,0.161606957371,0.0758141255712,0.159751960046
1.325,0.166580398184,0.0769656452062,0.157814846308
1.33,0.169644766991,0.0787508216604,0.157402608608
1.335,0.170249706864,0.080862338067,0.157965023349
1.34,0.16834230676,0.0828844331452,0.158795083136
1.345,0.164391995299,0.0843335182848,0.159090584804
1.35,0.159212083656,0.0847605578622,0.158110652958
1.355,0.153697482219,0.0838879770179,0.155385502176
1.36,0.148620721833,0.0817082994823,0.150867357418
1.365,0.144546257988,0.0784780332262,0.14492032978
1.37,0.141840122102,0.0746106933929,0.138155729618
1.375,0.140724178204,0.0705393035647,0.131221415019
1.38,0.141336199046,0.0666185592516,0.124652583203
1.385,0.143777353465,0.0630894473705,0.118817772661
1.39,0.148142219399,0.0600895767453,0.113933605241
1.395,0.154531781867,0.0576826053045,0.110107931175
1.4,0.163050087278,0.0558883150897,0.107384167969
1.405,0.173783014404,0.0547056662547,0.105775738261
1.41,0.186754689977,0.0541280185798,0.105289388223
1.415,0.201854878195,0.0541523960927,0.105939966643
1.42,0.218732129672,0.054784894863,0.107759531256
1.425,0.236659446211,0.0560436652176,0.11080265416
1.43,0.254411581797,0.057960147114,0.115148670924
1.435,0.270245098993,0.0605785791947,0.120900582486
1.44,0.282105504557,0.0639531435948,0.128179194068
1.445,0.288119864635,0.0681413215975,0.137109615719
1.45,0.287229537956,0.0731910673446,0.147795291112
1.455,0.279615661763,0.0791184262867,0.160272503629
1.46,0.26662727086,0.085871963056,0.174437380848
1.465,0.250261986632,0.0932826787101,0.189942006554
1.47,0.232537636387,0.101006223448,0.206073493383
1.475,0.215065810876,0.108480844679,0.221665232474
1.48,0.198913484949,0.114945048919,0.235132785531
1.485,0.184666112358,0.11956212099,0.244733324247
1.49,0.172568782406,0.121652715631,0.249051240785
1.495,0.1626623756,0.120944356814,0.247519427159
1.5,0.15488184143,0.117688716628,0.240664656013
1.505,0.149115896494,0.112565044661,0.229906466554
1.51,0.14523939774,0.106437737406,0.217051372001
1.515,0.143128207061,0.100116469748,0.203792160935
1.52,0.142659615911,0.0942188800581,0.191421032533
1.525,0.143695776389,0.0891419341316,0.180769436111
1.53,0.146047511582,0.085096048917,0.172278840441
1.535,0.149423028285,0.0821551502332,0.166104663256
1.54,0.153379266464,0.0802954232649,0.162196367411
1.545,0.157309504409,0.0794132526899,0.160333748691
1.55,0.160508718588,0.0793240465942,0.160122968454
1.555,0.162335388294,0.0797520217439,0.160973761876
1.56,0.162422327088,0.080329802825,0.162098149744
1.565,0.160822415779,0.0806323361776,0.162583197755
1.57,0.157991532316,0.0802599768546,0.161569683508
1.575,0.15462172565,0.0789516882433,0.158495597556
1.58,0.151434833949,0.0766702586089,0.153279449961
1.585,0.149040470623,0.0736028729759,0.146321454984
1.59,0.147888637546,0.0700762239641,0.138320823897
1.595,0.148289294736,0.0664422767224,0.130029886137
1.6,0.150458381114,0.0629941475583,0.122072956125
1.605,0.154562524042,0.0599334425756,0.114875864154
1.61,0.160749711703,0.0573765604479,0.108679259304
1.615,0.169161395407,0.0553780910169,0.103588627771
1.62,0.179923150399,0.0539557567608,0.0996275582144
1.625,0.193109030317,0.0531101811629,0.0967798017248
1.63,0.208672156784,0.052838389142,0.0950177764764
1.635,0.226334953337,0.0531422215292,0.0943200842562
1.64,0.24544356778,0.0540332208142,0.0946814497172
1.645,0.264821382084,0.0555351561721,0.0961177232109
1.65,0.282707884464,0.0576847494733,0.0986674033433
1.655,0.296913259506,0.0605304995099,0.102389909519
1.66,0.305281028163,0.0641287564437,0.10735955893
1.665,0.306365606954,0.0685353065593,0.113652766023
1.67,0.299989678445,0.0737897134476,0.12132440406
1.675,0.287317830792,0.0798888734203,0.130368053934
1.68,0.270394081951,0.0867467701826,0.140655638301
1.685,0.251455925156,0.0941415759543,0.151858169356
1.69,0.23239835913,0.101662276695,0.163365868949
1.695,0.214545544117,0.108685680257,0.174253919529
1.7,0.198670263022,0.114431023575,0.183364617468
1.705,0.185128945607,0.11812649056,0.189557339628
1.71,0.174011893081,0.119255482438,0.192078059118
1.715,0.165262307338,0.11776195912,0.190867385976
1.72,0.15875385946,0.114081324992,0.186606754632
1.725,0.154331686729,0.108974540385,0.180468926746
1.73,0.151824576352,0.103276919896,0.173739266533
1.735,0.15103459493,0.0976975622522,0.167510575186
1.74,0.151709661265,0.0927275574164,0.162537203984
1.745,0.153508021238,0.0886350175585,0.159213820206
1.75,0.155973023385,0.0854980318462,0.157604343326
1.755,0.158548260274,0.0832398636724,0.157468973937
1.76,0.160662379193,0.0816551889483,0.158280052964
1.765,0.161879925966,0.0804367509772,0.159257585905
1.77,0.162055042452,0.0792221544737,0.159476633789
1.775,0.161393790813,0.0776730152792,0.158076042954
1.78,0.160381458855,0.0755701083595,0.154518629699
1.785,0.159626049396,0.0728781616815,0.148770132203
1.79,0.159712287583,0.0697393687632,0.141280486183
1.795,0.161123871282,0.0664013146515,0.132782302261
1.8,0.164232766919,0.063126825321,0.124039011261
1.805,0.16932442388,0.0601309622753,0.115669011972
1.81,0.176628521718,0.0575587692492,0.108083762563
1.815,0.186336066819,0.0554922375132,0.101507427295
1.82,0.198591794226,0.0539693004785,0.0960298975187
1.825,0.213453348174,0.0530032739836,0.0916607402246
1.83,0.230808922959,0.0525979986868,0.088370821288
1.835,0.250249317277,0.0527580698834,0.0861199716488
1.84,0.270908017459,0.0534951018158,0.0848735415062
1.845,0.291323269954,0.054831115521,0.084611272079
1.85,0.309433839585,0.0567996978224,0.0853310077565
1.855,0.322848617987,0.0594449272874,0.0870485021488
1.86,0.329440452031,0.0628172886054,0.0897932847817
1.865,0.328073951991,0.0669648892007,0.0935992796924
1.87,0.319060563016,0.0719173234198,0.098487649703
1.875,0.304030392696,0.0776589245274,0.104438585266
1.88,0.285311769133,0.0840891079288,0.111349693859
1.885,0.265217589366,0.0909724207381,0.118983744254
1.89,0.245578699291,0.0978926515533,0.126920776617
1.895,0.227602251975,0.104243272182,0.134548308526
1.9,0.2119476881,0.109298158022,0.141135515456
1.905,0.198882963727,0.112384994982,0.146014560541
1.91,0.188433380273,0.113113366999,0.148818249836
1.915,0.180488613658,0.111535041152,0.149644799258
1.92,0.174864064398,0.108127393449,0.149034039513
1.925,0.171324348408,0.103609025211,0.147762499955
1.93,0.169580297423,0.0987046443891,0.146577608204
1.935,0.169274407974,0.093973386322,0.145988980284
1.94,0.169976432324,0.0897370193423,0.146157020424
1.945,0.171216093028,0.0860837975068,0.146864119138
1.95,0.172569970722,0.0829141209297,0.147556681199
1.955,0.173783660552,0.080011519012,0.147472481767
1.96,0.174867304986,0.0771330997452,0.145862533794
1.965,0.176101608857,0.074102916975,0.142253913295
1.97,0.177950154033,0.0708740163093,0.13662866199
1.975,0.180936591909,0.0675306640128,0.129412153195
1.98,0.18555088846,0.064237543746,0.121287917946
1.985,0.192207387741,0.06117355221,0.112964718274
1.99,0.201238415341,0.0584852227032,0.105014321006
1.995,0.212893750382,0.0562704061164,0.0978151401421
2,0.227319931443,0.0545836848447,0.091571361974
2.005,0.244500711889,0.0534506820661,0.0863626937766
2.01,0.264147886473,0.0528826104391,0.0821946476164
2.015,0.285547041864,0.0528874905202,0.0790371217993
2.02,0.307397097095,0.0534774892817,0.0768497842489
2.025,0.327739687365,0.0546728831196,0.075596839772
2.03,0.344124893044,0.0565030789534,0.0752542086072
2.035,0.354121109523,0.0590045347817,0.0758111851934
2.04,0.356073232365,0.0622145842382,0.0772673471945
2.045,0.349739500076,0.0661592388442,0.079624247111
2.05,0.336393920218,0.0708323303061,0.0828705086744
2.055,0.318321503899,0.0761637306907,0.086958946977
2.06,0.298048606345,0.08197767551,0.091776483145
2.065,0.277731227584,0.0879509294027,0.0971136757012
2.07,0.258886709355,0.0935951762601,0.102650944656
2.075,0.242406262147,0.0983005040541,0.107987179959
2.08,0.228699319278,0.101465869026,0.112728093638
2.085,0.21785442103,0.102689394609,0.116613108709
2.09,0.209762715557,0.101922315753,0.119609597949
2.095,0.204193673002,0.0994824352716,0.121897712184
2.1,0.200835035349,0.0959122980618,0.123735143086
2.105,0.199319847707,0.0917730455303,0.125273154796
2.11,0.19926688488,0.0874855340653,0.126421534456
2.115,0.200351409128,0.0832723829541,0.126830759474
2.12,0.202395395009,0.0791918069802,0.126011553738
2.125,0.205434715028,0.0752225769875,0.123552388087
2.13,0.209719932809,0.0713509295148,0.119329663956
2.135,0.215648305517,0.0676189379853,0.113588706099
2.14,0.223666796943,0.0641220509689,0.106853980264
2.145,0.234186843614,0.0609756722304,0.0997435674985
2.15,0.24751982214,0.0582813837057,0.0928035659775
2.155,0.263813158229,0.0561102835546,0.0864257889792
2.16,0.282958854657,0.0545033515707,0.0808427497808
2.165,0.30445792371,0.05348073687,0.0761633449675
2.17,0.327255323711,0.0530526093808,0.0724174348618
2.175,0.349614520391,0.0532276922266,0.0695931222448
2.18,0.369166186615,0.0540181578578,0.0676623198993
2.185,0.383280248164,0.0554405379426,0.0665956269834
2.19,0.389776736096,0.0575121517503,0.0663687849706
2.195,0.387707578624,0.060241894696,0.0669623914108
2.2,0.377748414683,0.0636136131941,0.0683555323917
2.205,0.361928554211,0.0675605783286,0.0705134078621
2.21,0.342889150204,0.0719322793551,0.0733696907058
2.215,0.323128004211,0.0764618287322,0.0768071750689
2.22,0.304554957319,0.0807537592872,0.0806452079565
2.225,0.288390114196,0.084320828256,0.0846460898007
2.23,0.27526829649,0.0866875389,0.0885471365827
2.235,0.265407317903,0.0875348277115,0.0921051785227
2.24,0.258761540128,0.0868093634431,0.0951193922652
2.245,0.255141478241,0.0847231101812,0.0974074767454
2.25,0.254311240449,0.0816446341001,0.0987574480681
2.255,0.256077870092,0.0779615022288,0.0989183053663
2.26,0.260367586355,0.0739948047974,0.0976732937286
2.265,0.267262965862,0.0699857457011,0.0949638683893
2.27,0.276977170361,0.0661202808881,0.0909719812199
2.275,0.289767082286,0.0625510244266,0.0860922733934
2.28,0.305806800523,0.0594018640552,0.0808142616845
2.285,0.325037106872,0.0567640245107,0.0755939996251
2.29,0.346993093537,0.0546953796529,0.0707772414365
2.295,0.370622699007,0.0532263542285,0.0665837385069
2.3,0.394158321639,0.0523691317986,0.06312936318
2.305,0.415173199442,0.0521257287373,0.060459814928
2.31,0.430972871152,0.0524919598959,0.0585802004525
2.315,0.439335651236,0.0534556770295,0.0574747134337
2.32,0.439323872361,0.0549882278508,0.0571158426592
2.325,0.431689114259,0.0570285435066,0.0574641945799
2.33,0.41859154076,0.0594609714825,0.0584603360063
2.335,0.402831454697,0.0620924797113,0.0600107837683
2.34,0.387067667766,0.0646424163072,0.061972283013
2.345,0.373357696214,0.0667641875102,0.0641412129726
2.35,0.363054338897,0.0681119150997,0.0662557893828
2.355,0.356920472621,0.0684377502619,0.0680155254128
2.36,0.35531716156,0.0676721644355,0.0691179172836
2.365,0.358378003397,0.0659386978173,0.0693111675864
2.37,0.366126654976,0.0634989437669,0.0684578743345
2.375,0.378510933933,0.0606686315985,0.0665877308119
2.38,0.395337517043,0.0577478472394,0.0639034937842
2.385,0.416114018071,0.054981481033,0.0607249569937
2.39,0.439840266755,0.0525456419319,0.0573992346826
2.395,0.464836718898,0.0505507361612,0.0542244141516
2.4,0.488752448135,0.0490526209452,0.0514127161582
2.405,0.508911941729,0.0480645320561,0.0490888313905
2.41,0.523038630091,0.0475645196419,0.0473051512116
2.415,0.530105013138,0.0474959780675,0.0460579857713
2.42,0.530823922649,0.047762207804,0.0452968368082
2.425,0.527440750784,0.0482200685628,0.0449259816543
2.43,0.522964673541,0.048682348906,0.0448031969908
2.435,0.520308686204,0.0489401013429,0.0447447482034
2.44,0.521708670101,0.0488085536559,0.0445467801911
2.445,0.528480089333,0.0481819031259,0.0440267227534
2.45,0.540969755979,0.047067046604,0.0430733515911
2.455,0.558554764801,0.0455740005009,0.041680268296
2.46,0.579653037875,0.04386916374,0.0399408582748
2.465,0.601844720991,0.0421191723654,0.0380061584419
2.47,0.622262905031,0.040450192905,0.0360299771582
2.475,0.638288802036,0.0389305628975,0.0341272501924
2.48,0.648283971481,0.0375720629331,0.0323563221186
2.485,0.651875978533,0.0363428241227,0.0307220293554
2.49,0.649525954872,0.0351875957846,0.0291923602205
2.495,0.641663825009,0.0340517397028,0.0277220899882
2.5,0.628046966924,0.0329021605952,0.0262759765353
2.505,0.607832232139,0.0317366784486,0.0248428900174
2.51,0.58030922141,0.0305786333215,0.0234358933269
2.515,0.545738795799,0.0294624821711,0.022081512448
2.52,0.50566919578,0.028419924515,0.0208068052731
2.525,0.46254555517,0.0274723267893,0.0196309799898
2.53,0.418963152431,0.0266294977186,0.0185629944487
2.535,0.377047476898,0.025892034699,0.0176030730829
2.54,0.338189679306,0.0252546189292,0.0167456015882
2.545,0.303082770747,0.0247088538346,0.0159818370408
2.55,0.271899805697,0.0242452349141,0.015301870078
2.555,0.24448925671,0.0238543301312,0.0146958328447
2.56,0.220529932957,0.0235273940195,0.0141545409511
2.565,0.199634291527,0.0232566259728,0.0136697704607
2.57,0.18140915947,0.0230352260498,0.0132343234674
2.575,0.165487210233,0.0228573466088,0.0128419832477
2.58,0.151540485628,0.0227179977967,0.0124874195402
2.585,0.13928382337,0.0226129388555,0.0121660777106
2.59,0.128473110871,0.0225385715723,0.0118740692306
2.595,0.118901229975,0.0224918433044,0.0116080715262
2.6,0.110393258947,0.0224701622045,0.0113652401407
2.605,0.10280172921,0.0224713248232,0.0111431335331
2.61,0.0960023008105,0.0224934551291,0.0109396496017
2.615,0.0898899873159,0.0225349535557,0.0107529725386
2.62,0.0843759423345,0.022594454608,0.0105815285251
2.625,0.0793847648551,0.022670791654,0.0104239488593
2.63,0.0748522595188,0.0227629676911,0.0102790392711
2.635,0.0707235840757,0.0228701310498,0.0101457543552
2.64,0.0669517205413,0.0229915551705,0.0100231762267
2.645,0.0634962140766,0.0231266217338,0.009910496658
2.65,0.0603221319078,0.023274806558,0.00980700208509
2.655,0.0573992024918,0.0234356677809,0.00971206098513
2.66,0.0547011021321,0.0236088359324,0.00962511321516
2.665,0.0522048622285,0.0237940055785,0.00954566097864
2.67,0.0498903753217,0.0239909282725,0.00947326114657
2.675,0.047739982189,0.0241994066006,0.00940751870927
2.68,0.0457381255847,0.0244192891456,0.00934808117527
2.685,0.0438710589185,0.0246504662239,0.00929463376614
2.69,0.0421266003503,0.024892866279,0.00924689528255
2.695,0.040493924542,0.0251464528305,0.00920461453843
2.7,0.0389633857274,0.0254112219011,0.00916756727767
2.705,0.0375263669118,0.0256871998514,0.00913555350204
2.71,0.036175150937,0.0259744415694,0.00910839515093
2.715,0.0349028099071,0.0262730289662,0.0090859340831
2.72,0.0337031100724,0.026583069741,0.00906803031868
2.725,0.0325704297757,0.0269046963823,0.00905456050618
2.73,0.0314996884626,0.0272380653788,0.00904541658493
2.735,0.030486285097,0.0275833566179,0.00904050461764
2.74,0.0295260445912,0.0279407729531,0.00903974377204
2.745,0.0286151710863,0.0283105399247,0.0090430654332
2.75,0.0277502071039,0.0286929056224,0.00905041243144
2.755,0.0269279977445,0.0290881406777,0.00906173837244
2.76,0.0261456592329,0.0294965383795,0.00907700705852
2.765,0.0254005512207,0.0299184149055,0.00909619199144
2.77,0.0246902523413,0.0303541096645,0.00911927594867
2.775,0.024012538589,0.030803985747,0.00914625062605
2.78,0.0233653641563,0.0312684304795,0.00917711634108
2.785,0.022746844414,0.0317478560842,0.00921188179167
2.79,0.0221552407659,0.0322427004408,0.00925056386626
2.795,0.0215889471444,0.0327534279538,0.00929318750173
2.8,0.0210464779477,0.0332805305249,0.00933978558605
2.805,0.0205264572448,0.0338245286343,0.0093903989035
2.81,0.0200276090982,0.0343859725337,0.00944507612035
2.815,0.0195487488733,0.0349654435548,0.00950387380959
2.82,0.0190887754218,0.0355635555395,0.00956685651372
2.825,0.0186466640389,0.0361809563968,0.00963409684474
2.83,0.0182214601082,0.0368183297933,0.00970567562118
2.835,0.017812273359,0.0374763969855,0.00978168204195
2.84,0.0174182726677,0.0381559188027,0.00986221389747
2.845,0.0170386813467,0.0388576977895,0.00994737781864
2.85,0.0166727728684,0.0395825805201,0.0100372895645
2.855,0.0163198669779,0.0403314600955,0.01013207435
2.86,0.0159793261561,0.0411052788375,0.010231867215
2.865,0.015650552396,0.041905031195,0.010336813437
2.87,0.0153329842616,0.0427317668779,0.0104470689893
2.875,0.0150260942011,0.0435865942376,0.0105628010475
2.88,0.014729386089,0.0444706839137,0.0106841885464
2.885,0.0144423929755,0.0453852727702,0.0108114227925
2.89,0.0141646750239,0.0463316681434,0.0109447081334
2.895,0.0138958176164,0.0473112524306,0.011084262691
2.9,0.0136354296147,0.0483254880476,0.0112303191605
2.905,0.0133831417596,0.0493759227897,0.0113831256833
2.91,0.0131386051982,0.0504641956297,0.0115429467969
2.915,0.0129014901257,0.0515920429961,0.0117100644715
2.92,0.0126714845327,0.0527613055728,0.0118847792374
2.925,0.012448293049,0.0539739356722,0.0120674114145
2.93,0.0122316358738,0.0552320052332,0.0122583024507
2.935,0.0120212477871,0.0565377145072,0.0124578163804
2.94,0.0118168772335,0.0578934014971,0.0126663414145
2.945,0.0116182854737,0.0593015522249,0.0128842916746
2.95,0.0114252457965,0.0607648119102,0.0131121090845
2.955,0.0112375427883,0.0622859971533,0.0133502654364
2.96,0.011054971654,0.0638681092239,0.0135992646476
2.965,0.0108773375849,0.0655143485729,0.0138596452291
2.97,0.0107044551714,0.0672281306953,0.0141319829867
2.975,0.0105361478554,0.0690131034876,0.0144168939801
2.98,0.0103722474205,0.0708731662643,0.0147150377672
2.985,0.0102125935153,0.0728124906123,0.0150271209658
2.99,0.0100570332102,0.0748355432901,0.0153539011661
2.995,0.00990542058189,0.0769471114019,0.0156961912348
3,0.00975761632558,0.0791523301058,0.0160548640546
