xi,E_minus_numeric,E_plus_numeric,E_minus_analytic,E_plus_analytic
-3,-3.0103986447,3.0103986447,-3.0103986447,3.0103986447
-2.975,-2.98548572263,2.98548572263,-2.98548572263,2.98548572263
-2.95,-2.96057426862,2.96057426862,-2.96057426862,2.96057426862
-2.925,-2.93566432005,2.93566432005,-2.93566432005,2.93566432005
-2.9,-2.91075591557,2.91075591557,-2.91075591557,2.91075591557
-2.875,-2.88584909515,2.88584909515,-2.88584909515,2.88584909515
-2.85,-2.86094390018,2.86094390018,-2.86094390018,2.86094390018
-2.825,-2.83604037348,2.83604037348,-2.83604037348,2.83604037348
-2.8,-2.81113855937,2.81113855937,-2.81113855937,2.81113855937
-2.775,-2.78623850379,2.78623850379,-2.78623850379,2.78623850379
-2.75,-2.7613402543,2.7613402543,-2.7613402543,2.7613402543
-2.725,-2.7364438602,2.7364438602,-2.7364438602,2.7364438602
-2.7,-2.71154937259,2.71154937259,-2.71154937259,2.71154937259
-2.675,-2.68665684448,2.68665684448,-2.68665684448,2.68665684448
-2.65,-2.66176633084,2.66176633084,-2.66176633084,2.66176633084
-2.625,-2.63687788872,2.63687788872,-2.63687788872,2.63687788872
-2.6,-2.61199157732,2.61199157732,-2.61199157732,2.61199157732
-2.575,-2.58710745815,2.58710745815,-2.58710745815,2.58710745815
-2.55,-2.56222559506,2.56222559506,-2.56222559506,2.56222559506
-2.525,-2.53734605444,2.53734605444,-2.53734605444,2.53734605444
-2.5,-2.51246890528,2.51246890528,-2.51246890528,2.51246890528
-2.475,-2.48759421932,2.48759421932,-2.48759421932,2.48759421932
-2.45,-2.4627220712,2.4627220712,-2.4627220712,2.4627220712
-2.425,-2.43785253861,2.43785253861,-2.43785253861,2.43785253861
-2.4,-2.4129857024,2.4129857024,-2.4129857024,2.4129857024
-2.375,-2.38812164682,2.38812164682,-2.38812164682,2.38812164682
-2.35,-2.36326045962,2.36326045962,-2.36326045962,2.36326045962
-2.325,-2.33840223229,2.33840223229,-2.33840223229,2.33840223229
-2.3,-2.31354706025,2.31354706025,-2.31354706025,2.31354706025
-2.275,-2.28869504303,2.28869504303,-2.28869504303,2.28869504303
-2.25,-2.26384628453,2.26384628453,-2.26384628453,2.26384628453
-2.225,-2.23900089326,2.23900089326,-2.23900089326,2.23900089326
-2.2,-2.21415898255,2.21415898255,-2.21415898255,2.21415898255
-2.175,-2.18932067089,2.18932067089,-2.18932067089,2.18932067089
-2.15,-2.16448608219,2.16448608219,-2.16448608219,2.16448608219
-2.125,-2.13965534608,2.13965534608,-2.13965534608,2.13965534608
-2.1,-2.11482859826,2.11482859826,-2.11482859826,2.11482859826
-2.075,-2.09000598085,2.09000598085,-2.09000598085,2.09000598085
-2.05,-2.06518764281,2.06518764281,-2.06518764281,2.06518764281
-2.025,-2.04037374027,2.04037374027,-2.04037374027,2.04037374027
-2,-2.01556443707,2.01556443707,-2.01556443707,2.01556443707
-1.975,-1.99075990516,1.99075990516,-1.99075990516,1.99075990516
-1.95,-1.96596032513,1.96596032513,-1.96596032513,1.96596032513
-1.925,-1.94116588678,1.94116588678,-1.94116588678,1.94116588678
-1.9,-1.91637678967,1.91637678967,-1.91637678967,1.91637678967
-1.875,-1.8915932438,1.8915932438,-1.8915932438,1.8915932438
-1.85,-1.86681547026,1.86681547026,-1.86681547026,1.86681547026
-1.825,-1.84204370198,1.84204370198,-1.84204370198,1.84204370198
-1.8,-1.81727818454,1.81727818454,-1.81727818454,1.81727818454
-1.775,-1.79251917702,1.79251917702,-1.79251917702,1.79251917702
-1.75,-1.76776695297,1.76776695297,-1.76776695297,1.76776695297
-1.725,-1.74302180136,1.74302180136,-1.74302180136,1.74302180136
-1.7,-1.71828402774,1.71828402774,-1.71828402774,1.71828402774
-1.675,-1.69355395544,1.69355395544,-1.69355395544,1.69355395544
-1.65,-1.66883192683,1.66883192683,-1.66883192683,1.66883192683
-1.625,-1.64411830475,1.64411830475,-1.64411830475,1.64411830475
-1.6,-1.61941347407,1.61941347407,-1.61941347407,1.61941347407
-1.575,-1.59471784338,1.59471784338,-1.59471784338,1.59471784338
-1.55,-1.57003184681,1.57003184681,-1.57003184681,1.57003184681
-1.525,-1.54535594605,1.54535594605,-1.54535594605,1.54535594605
-1.5,-1.52069063257,1.52069063257,-1.52069063257,1.52069063257
-1.475,-1.49603643004,1.49603643004,-1.49603643004,1.49603643004
-1.45,-1.47139389696,1.47139389696,-1.47139389696,1.47139389696
-1.425,-1.44676362962,1.44676362962,-1.44676362962,1.44676362962
-1.4,-1.42214626533,1.42214626533,-1.42214626533,1.42214626533
-1.375,-1.39754248594,1.39754248594,-1.39754248594,1.39754248594
-1.35,-1.37295302177,1.37295302177,-1.37295302177,1.37295302177
-1.325,-1.34837865602,1.34837865602,-1.34837865602,1.34837865602
-1.3,-1.32382022949,1.32382022949,-1.32382022949,1.32382022949
-1.275,-1.29927864602,1.29927864602,-1.29927864602,1.29927864602
-1.25,-1.2747548784,1.2747548784,-1.2747548784,1.2747548784
-1.225,-1.250249975,1.250249975,-1.250249975,1.250249975
-1.2,-1.22576506721,1.22576506721,-1.22576506721,1.22576506721
-1.175,-1.20130137767,1.20130137767,-1.20130137767,1.20130137767
-1.15,-1.17686022959,1.17686022959,-1.17686022959,1.17686022959
-1.125,-1.15244305716,1.15244305716,-1.15244305716,1.15244305716
-1.1,-1.12805141727,1.12805141727,-1.12805141727,1.12805141727
-1.075,-1.10368700273,1.10368700273,-1.10368700273,1.10368700273
-1.05,-1.07935165725,1.07935165725,-1.07935165725,1.07935165725
-1.025,-1.0550473923,1.0550473923,-1.0550473923,1.0550473923
-1,-1.0307764064,1.0307764064,-1.0307764064,1.0307764064
-0.975,-1.00654110696,1.00654110696,-1.00654110696,1.00654110696
-0.95,-0.982344135219,0.982344135219,-0.982344135219,0.982344135219
-0.925,-0.958188394837,0.958188394837,-0.958188394837,0.958188394837
-0.9,-0.934077084613,0.934077084613,-0.934077084613,0.934077084613
-0.875,-0.91001373616,0.91001373616,-0.91001373616,0.91001373616
-0.85,-0.886002257333,0.886002257333,-0.886002257333,0.886002257333
-0.825,-0.862046982478,0.862046982478,-0.862046982478,0.862046982478
-0.8,-0.838152730712,0.838152730712,-0.838152730712,0.838152730712
-0.775,-0.814324873745,0.814324873745,-0.814324873745,0.814324873745
-0.75,-0.790569415042,0.790569415042,-0.790569415042,0.790569415042
-0.725,-0.766893082509,0.766893082509,-0.766893082509,0.766893082509
-0.7,-0.743303437366,0.743303437366,-0.743303437366,0.743303437366
-0.675,-0.719809002444,0.719809002444,-0.719809002444,0.719809002444
-0.65,-0.696419413859,0.696419413859,-0.696419413859,0.696419413859
-0.625,-0.673145600892,0.673145600892,-0.673145600892,0.673145600892
-0.6,-0.65,0.65,-0.65,0.65
-0.575,-0.626996810199,0.626996810199,-0.626996810199,0.626996810199
-0.55,-0.60415229868,0.60415229868,-0.60415229868,0.60415229868
-0.525,-0.581485167481,0.581485167481,-0.581485167481,0.581485167481
-0.5,-0.559016994375,0.559016994375,-0.559016994375,0.559016994375
-0.475,-0.53677276384,0.53677276384,-0.53677276384,0.53677276384
-0.45,-0.514781507049,0.514781507049,-0.514781507049,0.514781507049
-0.425,-0.493077073083,0.493077073083,-0.493077073083,0.493077073083
-0.4,-0.471699056603,0.471699056603,-0.471699056603,0.471699056603
-0.375,-0.450693909433,0.450693909433,-0.450693909433,0.450693909433
-0.35,-0.430116263352,0.430116263352,-0.430116263352,0.430116263352
-0.325,-0.410030486671,0.410030486671,-0.410030486671,0.410030486671
-0.3,-0.390512483795,0.390512483795,-0.390512483795,0.390512483795
-0.275,-0.371651718683,0.371651718683,-0.371651718683,0.371651718683
-0.25,-0.353553390593,0.353553390593,-0.353553390593,0.353553390593
-0.225,-0.336340601177,0.336340601177,-0.336340601177,0.336340601177
-0.2,-0.320156211872,0.320156211872,-0.320156211872,0.320156211872
-0.175,-0.305163890393,0.305163890393,-0.305163890393,0.305163890393
-0.15,-0.291547594742,0.291547594742,-0.291547594742,0.291547594742
-0.125,-0.279508497187,0.279508497187,-0.279508497187,0.279508497187
-0.1,-0.269258240357,0.269258240357,-0.269258240357,0.269258240357
-0.075,-0.261007662723,0.261007662723,-0.261007662723,0.261007662723
-0.05,-0.25495097568,0.25495097568,-0.25495097568,0.25495097568
-0.025,-0.251246890528,0.251246890528,-0.251246890528,0.251246890528
0,-0.25,0.25,-0.25,0.25
0.025,-0.251246890528,0.251246890528,-0.251246890528,0.251246890528
0.05,-0.25495097568,0.25495097568,-0.25495097568,0.25495097568
0.075,-0.261007662723,0.261007662723,-0.261007662723,0.261007662723
0.1,-0.269258240357,0.269258240357,-0.269258240357,0.269258240357
0.125,-0.279508497187,0.279508497187,-0.279508497187,0.279508497187
0.15,-0.291547594742,0.291547594742,-0.291547594742,0.291547594742
0.175,-0.305163890393,0.305163890393,-0.305163890393,0.305163890393
0.2,-0.320156211872,0.320156211872,-0.320156211872,0.320156211872
0.225,-0.336340601177,0.336340601177,-0.336340601177,0.336340601177
0.25,-0.353553390593,0.353553390593,-0.353553390593,0.353553390593
0.275,-0.371651718683,0.371651718683,-0.371651718683,0.371651718683
0.3,-0.390512483795,0.390512483795,-0.390512483795,0.390512483795
0.325,-0.410030486671,0.410030486671,-0.410030486671,0.410030486671
0.35,-0.430116263352,0.430116263352,-0.430116263352,0.430116263352
0.375,-0.450693909433,0.450693909433,-0.450693909433,0.450693909433
0.4,-0.471699056603,0.471699056603,-0.471699056603,0.471699056603
0.425,-0.493077073083,0.493077073083,-0.493077073083,0.493077073083
0.45,-0.514781507049,0.514781507049,-0.514781507049,0.514781507049
0.475,-0.53677276384,0.53677276384,-0.53677276384,0.53677276384
0.5,-0.559016994375,0.559016994375,-0.559016994375,0.559016994375
0.525,-0.581485167481,0.581485167481,-0.581485167481,0.581485167481
0.55,-0.60415229868,0.60415229868,-0.60415229868,0.60415229868
0.575,-0.626996810199,0.626996810199,-0.626996810199,0.626996810199
0.6,-0.65,0.65,-0.65,0.65
0.625,-0.673145600892,0.673145600892,-0.673145600892,0.673145600892
0.65,-0.696419413859,0.696419413859,-0.696419413859,0.696419413859
0.675,-0.719809002444,0.719809002444,-0.719809002444,0.719809002444
0.7,-0.743303437366,0.743303437366,-0.743303437366,0.743303437366
0.725,-0.766893082509,0.766893082509,-0.766893082509,0.766893082509
0.75,-0.790569415042,0.790569415042,-0.790569415042,0.790569415042
0.775,-0.814324873745,0.814324873745,-0.814324873745,0.814324873745
0.8,-0.838152730712,0.838152730712,-0.838152730712,0.838152730712
0.825,-0.862046982478,0.862046982478,-0.862046982478,0.862046982478
0.85,-0.886002257333,0.886002257333,-0.886002257333,0.886002257333
0.875,-0.91001373616,0.91001373616,-0.91001373616,0.91001373616
0.9,-0.934077084613,0.934077084613,-0.934077084613,0.934077084613
0.925,-0.958188394837,0.958188394837,-0.958188394837,0.958188394837
0.95,-0.982344135219,0.982344135219,-0.982344135219,0.982344135219
0.975,-1.00654110696,1.00654110696,-1.00654110696,1.00654110696
1,-1.0307764064,1.0307764064,-1.0307764064,1.0307764064
1.025,-1.0550473923,1.0550473923,-1.0550473923,1.0550473923
1.05,-1.07935165725,1.07935165725,-1.07935165725,1.07935165725
1.075,-1.10368700273,1.10368700273,-1.10368700273,1.10368700273
1.1,-1.12805141727,1.12805141727,-1.12805141727,1.12805141727
1.125,-1.15244305716,1.15244305716,-1.15244305716,1.15244305716
1.15,-1.17686022959,1.17686022959,-1.17686022959,1.17686022959
1.175,-1.20130137767,1.20130137767,-1.20130137767,1.20130137767
1.2,-1.22576506721,1.22576506721,-1.22576506721,1.22576506721
1.225,-1.250249975,1.250249975,-1.250249975,1.250249975
1.25,-1.2747548784,1.2747548784,-1.2747548784,1.2747548784
1.275,-1.29927864602,1.29927864602,-1.29927864602,1.29927864602
1.3,-1.32382022949,1.32382022949,-1.32382022949,1.32382022949
1.325,-1.34837865602,1.34837865602,-1.34837865602,1.34837865602
1.35,-1.37295302177,1.37295302177,-1.37295302177,1.37295302177
1.375,-1.39754248594,1.39754248594,-1.39754248594,1.39754248594
1.4,-1.42214626533,1.42214626533,-1.42214626533,1.42214626533
1.425,-1.44676362962,1.44676362962,-1.44676362962,1.44676362962
1.45,-1.47139389696,1.47139389696,-1.47139389696,1.47139389696
1.475,-1.49603643004,1.49603643004,-1.49603643004,1.49603643004
1.5,-1.52069063257,1.52069063257,-1.52069063257,1.52069063257
1.525,-1.54535594605,1.54535594605,-1.54535594605,1.54535594605
1.55,-1.57003184681,1.57003184681,-1.57003184681,1.57003184681
1.575,-1.59471784338,1.59471784338,-1.59471784338,1.59471784338
1.6,-1.61941347407,1.61941347407,-1.61941347407,1.61941347407
1.625,-1.64411830475,1.64411830475,-1.64411830475,1.64411830475
1.65,-1.66883192683,1.66883192683,-1.66883192683,1.66883192683
1.675,-1.69355395544,1.69355395544,-1.69355395544,1.69355395544
1.7,-1.71828402774,1.71828402774,-1.71828402774,1.71828402774
1.725,-1.74302180136,1.74302180136,-1.74302180136,1.74302180136
1.75,-1.76776695297,1.76776695297,-1.76776695297,1.76776695297
1.775,-1.79251917702,1.79251917702,-1.79251917702,1.79251917702
1.8,-1.81727818454,1.81727818454,-1.81727818454,1.81727818454
1.825,-1.84204370198,1.84204370198,-1.84204370198,1.84204370198
1.85,-1.86681547026,1.86681547026,-1.86681547026,1.86681547026
1.875,-1.8915932438,1.8915932438,-1.8915932438,1.8915932438
1.9,-1.91637678967,1.91637678967,-1.91637678967,1.91637678967
1.925,-1.94116588678,1.94116588678,-1.94116588678,1.94116588678
1.95,-1.96596032513,1.96596032513,-1.96596032513,1.96596032513
1.975,-1.99075990516,1.99075990516,-1.99075990516,1.99075990516
2,-2.01556443707,2.01556443707,-2.01556443707,2.01556443707
2.025,-2.04037374027,2.04037374027,-2.04037374027,2.04037374027
2.05,-2.06518764281,2.06518764281,-2.06518764281,2.06518764281
2.075,-2.09000598085,2.09000598085,-2.09000598085,2.09000598085
2.1,-2.11482859826,2.11482859826,-2.11482859826,2.11482859826
2.125,-2.13965534608,2.13965534608,-2.13965534608,2.13965534608
2.15,-2.16448608219,2.16448608219,-2.16448608219,2.16448608219
2.175,-2.18932067089,2.18932067089,-2.18932067089,2.18932067089
2.2,-2.21415898255,2.21415898255,-2.21415898255,2.21415898255
2.225,-2.23900089326,2.23900089326,-2.23900089326,2.23900089326
2.25,-2.26384628453,2.26384628453,-2.26384628453,2.26384628453
2.275,-2.28869504303,2.28869504303,-2.28869504303,2.28869504303
2.3,-2.31354706025,2.31354706025,-2.31354706025,2.31354706025
2.325,-2.33840223229,2.33840223229,-2.33840223229,2.33840223229
2.35,-2.36326045962,2.36326045962,-2.36326045962,2.36326045962
2.375,-2.38812164682,2.38812164682,-2.38812164682,2.38812164682
2.4,-2.4129857024,2.4129857024,-2.4129857024,2.4129857024
2.425,-2.43785253861,2.43785253861,-2.43785253861,2.43785253861
2.45,-2.4627220712,2.4627220712,-2.4627220712,2.4627220712
2.475,-2.48759421932,2.48759421932,-2.48759421932,2.48759421932
2.5,-2.51246890528,2.51246890528,-2.51246890528,2.51246890528
2.525,-2.53734605444,2.53734605444,-2.53734605444,2.53734605444
2.55,-2.56222559506,2.56222559506,-2.56222559506,2.56222559506
2.575,-2.58710745815,2.58710745815,-2.58710745815,2.58710745815
2.6,-2.61199157732,2.61199157732,-2.61199157732,2.61199157732
2.625,-2.63687788872,2.63687788872,-2.63687788872,2.63687788872
2.65,-2.66176633084,2.66176633084,-2.66176633084,2.66176633084
2.675,-2.68665684448,2.68665684448,-2.68665684448,2.68665684448
2.7,-2.71154937259,2.71154937259,-2.71154937259,2.71154937259
2.725,-2.7364438602,2.7364438602,-2.7364438602,2.7364438602
2.75,-2.7613402543,2.7613402543,-2.7613402543,2.7613402543
2.775,-2.78623850379,2.78623850379,-2.78623850379,2.78623850379
2.8,-2.81113855937,2.81113855937,-2.81113855937,2.81113855937
2.825,-2.83604037348,2.83604037348,-2.83604037348,2.83604037348
2.85,-2.86094390018,2.86094390018,-2.86094390018,2.86094390018
2.875,-2.88584909515,2.88584909515,-2.88584909515,2.88584909515
2.9,-2.91075591557,2.91075591557,-2.91075591557,2.91075591557
2.925,-2.93566432005,2.93566432005,-2.93566432005,2.93566432005
2.95,-2.96057426862,2.96057426862,-2.96057426862,2.96057426862
2.975,-2.98548572263,2.98548572263,-2.98548572263,2.98548572263
3,-3.0103986447,3.0103986447,-3.0103986447,3.0103986447
