sorted_index,E_numeric,E_analytic
0,-2.51246890528,-2.51246890528
1,-2.49544412386,-2.49544412386
2,-2.49544412386,-2.49544412386
3,-2.44466816974,-2.44466816974
4,-2.44466816974,-2.44466816974
5,-2.36103211062,-2.36103211062
6,-2.36103211062,-2.36103211062
7,-2.24600774878,-2.24600774878
8,-2.24600774878,-2.24600774878
9,-2.10162907545,-2.10162907545
10,-2.10162907545,-2.10162907545
11,-1.93046977764,-1.93046977764
12,-1.93046977764,-1.93046977764
13,-1.73562229987,-1.73562229987
14,-1.73562229987,-1.73562229987
15,-1.52069063257,-1.52069063257
16,-1.52069063257,-1.52069063257
17,-1.52069063257,-1.52069063257
18,-1.50381578986,-1.50381578986
19,-1.50381578986,-1.50381578986
20,-1.45351269516,-1.45351269516
21,-1.45351269516,-1.45351269516
22,-1.37074961147,-1.37074961147
23,-1.37074961147,-1.37074961147
24,-1.28982684976,-1.28982684976
25,-1.28982684976,-1.28982684976
26,-1.25715917546,-1.25715917546
27,-1.25715917546,-1.25715917546
28,-1.11509255653,-1.11509255653
29,-1.11509255653,-1.11509255653
30,-1.04789659921,-1.04789659921
31,-1.04789659921,-1.04789659921
32,-0.947779741093,-0.947779741093
33,-0.947779741093,-0.947779741093
34,-0.801062252176,-0.801062252176
35,-0.801062252176,-0.801062252176
36,-0.759828304143,-0.759828304143
37,-0.759828304143,-0.759828304143
38,-0.559016994375,-0.559016994375
39,-0.559016994375,-0.559016994375
40,-0.559016994375,-0.559016994375
41,-0.559016994375,-0.559016994375
42,-0.364581366634,-0.364581366634
43,-0.364581366634,-0.364581366634
44,-0.345826492597,-0.345826492597
45,-0.345826492597,-0.345826492597
46,-0.250621432096,-0.250621432096
47,-0.250621432096,-0.250621432096
48,0.250621432096,0.250621432096
49,0.250621432096,0.250621432096
50,0.345826492597,0.345826492597
51,0.345826492597,0.345826492597
52,0.364581366634,0.364581366634
53,0.364581366634,0.364581366634
54,0.559016994375,0.559016994375
55,0.559016994375,0.559016994375
56,0.559016994375,0.559016994375
57,0.559016994375,0.559016994375
58,0.759828304143,0.759828304143
59,0.759828304143,0.759828304143
60,0.801062252176,0.801062252176
61,0.801062252176,0.801062252176
62,0.947779741093,0.947779741093
63,0.947779741093,0.947779741093
64,1.04789659921,1.04789659921
65,1.04789659921,1.04789659921
66,1.11509255653,1.11509255653
67,1.11509255653,1.11509255653
68,1.25715917546,1.25715917546
69,1.25715917546,1.25715917546
70,1.28982684976,1.28982684976
71,1.28982684976,1.28982684976
72,1.37074961147,1.37074961147
73,1.37074961147,1.37074961147
74,1.45351269516,1.45351269516
75,1.45351269516,1.45351269516
76,1.50381578986,1.50381578986
77,1.50381578986,1.50381578986
78,1.52069063257,1.52069063257
79,1.52069063257,1.52069063257
80,1.52069063257,1.52069063257
81,1.73562229987,1.73562229987
82,1.73562229987,1.73562229987
83,1.93046977764,1.93046977764
84,1.93046977764,1.93046977764
85,2.10162907545,2.10162907545
86,2.10162907545,2.10162907545
87,2.24600774878,2.24600774878
88,2.24600774878,2.24600774878
89,2.36103211062,2.36103211062
90,2.36103211062,2.36103211062
91,2.44466816974,2.44466816974
92,2.44466816974,2.44466816974
93,2.49544412386,2.49544412386
94,2.49544412386,2.49544412386
95,2.51246890528,2.51246890528
